1704063600.0,8-0,170
1704063600.0,8-1,280
1704063600.0,8-2,170
1704063600.0,8-3,260
1704063600.0,8-4,170
1704063600.0,8-5,400
1704063600.0,8-6,280
1704063600.0,11-0,170
1704063600.0,11-1,170
1704063600.0,11-2,170
1704063600.0,11-3,400
1704063600.0,11-4,260
1704063600.0,11-5,160
1704063600.0,11-6,280
1704063600.0,11-7,400
1704063600.0,11-8,170
1704063600.0,5-0,280
1704063600.0,5-1,170
1704063600.0,5-2,160
1704063600.0,5-3,160
1704063600.0,5-4,160
1704063600.0,5-5,280
1704063600.0,5-6,400
1704063600.0,5-7,400
1704063600.0,5-8,260
1704063600.0,5-9,400
1704063600.0,5-10,170
1704063600.0,13-0,260
1704063600.0,13-1,260
1704063600.0,13-2,160
1704063600.0,13-3,160
1704063600.0,13-4,170
1704063600.0,13-5,400
1704063600.0,13-6,280
1704063600.0,13-7,400
1704063600.0,13-8,170
1704063600.0,3-0,400
1704063600.0,3-1,170
1704063600.0,3-2,260
1704063600.0,3-3,1120
1704063600.0,3-4,280
1704063600.0,3-5,160
1704063600.0,3-6,280
1704063600.0,3-7,170
1704063600.0,3-8,170
1704064500.0,8-0,140
1704064500.0,8-1,260
1704064500.0,8-2,150
1704064500.0,8-3,240
1704064500.0,8-4,150
1704064500.0,8-5,360
1704064500.0,8-6,240
1704064500.0,11-0,140
1704064500.0,11-1,160
1704064500.0,11-2,160
1704064500.0,11-3,360
1704064500.0,11-4,240
1704064500.0,11-5,150
1704064500.0,11-6,240
1704064500.0,11-7,360
1704064500.0,11-8,150
1704064500.0,5-0,260
1704064500.0,5-1,150
1704064500.0,5-2,150
1704064500.0,5-3,150
1704064500.0,5-4,150
1704064500.0,5-5,240
1704064500.0,5-6,340
1704064500.0,5-7,360
1704064500.0,5-8,240
1704064500.0,5-9,360
1704064500.0,5-10,150
1704064500.0,13-0,260
1704064500.0,13-1,240
1704064500.0,13-2,150
1704064500.0,13-3,160
1704064500.0,13-4,160
1704064500.0,13-5,360
1704064500.0,13-6,240
1704064500.0,13-7,380
1704064500.0,13-8,150
1704064500.0,3-0,360
1704064500.0,3-1,150
1704064500.0,3-2,260
1704064500.0,3-3,1120
1704064500.0,3-4,260
1704064500.0,3-5,160
1704064500.0,3-6,260
1704064500.0,3-7,150
1704064500.0,3-8,150
1704065400.0,8-0,130
1704065400.0,8-1,220
1704065400.0,8-2,130
1704065400.0,8-3,240
1704065400.0,8-4,140
1704065400.0,8-5,320
1704065400.0,8-6,220
1704065400.0,11-0,140
1704065400.0,11-1,140
1704065400.0,11-2,130
1704065400.0,11-3,340
1704065400.0,11-4,220
1704065400.0,11-5,140
1704065400.0,11-6,220
1704065400.0,11-7,320
1704065400.0,11-8,140
1704065400.0,5-0,220
1704065400.0,5-1,130
1704065400.0,5-2,130
1704065400.0,5-3,140
1704065400.0,5-4,130
1704065400.0,5-5,220
1704065400.0,5-6,320
1704065400.0,5-7,300
1704065400.0,5-8,220
1704065400.0,5-9,320
1704065400.0,5-10,130
1704065400.0,13-0,220
1704065400.0,13-1,240
1704065400.0,13-2,130
1704065400.0,13-3,130
1704065400.0,13-4,130
1704065400.0,13-5,300
1704065400.0,13-6,220
1704065400.0,13-7,340
1704065400.0,13-8,140
1704065400.0,3-0,320
1704065400.0,3-1,130
1704065400.0,3-2,220
1704065400.0,3-3,1120
1704065400.0,3-4,220
1704065400.0,3-5,130
1704065400.0,3-6,220
1704065400.0,3-7,130
1704065400.0,3-8,130
1704066300.0,8-0,120
1704066300.0,8-1,200
1704066300.0,8-2,120
1704066300.0,8-3,200
1704066300.0,8-4,120
1704066300.0,8-5,280
1704066300.0,8-6,200
1704066300.0,11-0,120
1704066300.0,11-1,120
1704066300.0,11-2,120
1704066300.0,11-3,280
1704066300.0,11-4,200
1704066300.0,11-5,120
1704066300.0,11-6,200
1704066300.0,11-7,280
1704066300.0,11-8,120
1704066300.0,5-0,200
1704066300.0,5-1,120
1704066300.0,5-2,120
1704066300.0,5-3,120
1704066300.0,5-4,120
1704066300.0,5-5,190
1704066300.0,5-6,300
1704066300.0,5-7,300
1704066300.0,5-8,200
1704066300.0,5-9,300
1704066300.0,5-10,120
1704066300.0,13-0,200
1704066300.0,13-1,200
1704066300.0,13-2,120
1704066300.0,13-3,120
1704066300.0,13-4,120
1704066300.0,13-5,300
1704066300.0,13-6,200
1704066300.0,13-7,280
1704066300.0,13-8,120
1704066300.0,3-0,300
1704066300.0,3-1,130
1704066300.0,3-2,190
1704066300.0,3-3,1040
1704066300.0,3-4,200
1704066300.0,3-5,120
1704066300.0,3-6,190
1704066300.0,3-7,120
1704066300.0,3-8,120
1704067200.0,8-0,110
1704067200.0,8-1,190
1704067200.0,8-2,110
1704067200.0,8-3,180
1704067200.0,8-4,110
1704067200.0,8-5,280
1704067200.0,8-6,170
1704067200.0,11-0,110
1704067200.0,11-1,110
1704067200.0,11-2,110
1704067200.0,11-3,260
1704067200.0,11-4,180
1704067200.0,11-5,110
1704067200.0,11-6,180
1704067200.0,11-7,280
1704067200.0,11-8,110
1704067200.0,5-0,190
1704067200.0,5-1,110
1704067200.0,5-2,110
1704067200.0,5-3,110
1704067200.0,5-4,110
1704067200.0,5-5,190
1704067200.0,5-6,260
1704067200.0,5-7,260
1704067200.0,5-8,190
1704067200.0,5-9,260
1704067200.0,5-10,110
1704067200.0,13-0,190
1704067200.0,13-1,190
1704067200.0,13-2,110
1704067200.0,13-3,110
1704067200.0,13-4,110
1704067200.0,13-5,260
1704067200.0,13-6,190
1704067200.0,13-7,280
1704067200.0,13-8,110
1704067200.0,3-0,260
1704067200.0,3-1,110
1704067200.0,3-2,180
1704067200.0,3-3,960
1704067200.0,3-4,190
1704067200.0,3-5,110
1704067200.0,3-6,190
1704067200.0,3-7,120
1704067200.0,3-8,110
1704068100.0,8-0,100
1704068100.0,8-1,180
1704068100.0,8-2,100
1704068100.0,8-3,180
1704068100.0,8-4,100
1704068100.0,8-5,240
1704068100.0,8-6,170
1704068100.0,11-0,100
1704068100.0,11-1,100
1704068100.0,11-2,110
1704068100.0,11-3,260
1704068100.0,11-4,170
1704068100.0,11-5,95
1704068100.0,11-6,170
1704068100.0,11-7,240
1704068100.0,11-8,110
1704068100.0,5-0,170
1704068100.0,5-1,100
1704068100.0,5-2,100
1704068100.0,5-3,100
1704068100.0,5-4,100
1704068100.0,5-5,180
1704068100.0,5-6,240
1704068100.0,5-7,260
1704068100.0,5-8,170
1704068100.0,5-9,240
1704068100.0,5-10,110
1704068100.0,13-0,160
1704068100.0,13-1,170
1704068100.0,13-2,100
1704068100.0,13-3,100
1704068100.0,13-4,110
1704068100.0,13-5,240
1704068100.0,13-6,170
1704068100.0,13-7,240
1704068100.0,13-8,95
1704068100.0,3-0,260
1704068100.0,3-1,110
1704068100.0,3-2,160
1704068100.0,3-3,1040
1704068100.0,3-4,170
1704068100.0,3-5,100
1704068100.0,3-6,160
1704068100.0,3-7,110
1704068100.0,3-8,95
1704069000.0,8-0,95
1704069000.0,8-1,150
1704069000.0,8-2,90
1704069000.0,8-3,150
1704069000.0,8-4,95
1704069000.0,8-5,240
1704069000.0,8-6,170
1704069000.0,11-0,90
1704069000.0,11-1,95
1704069000.0,11-2,100
1704069000.0,11-3,220
1704069000.0,11-4,160
1704069000.0,11-5,95
1704069000.0,11-6,160
1704069000.0,11-7,240
1704069000.0,11-8,100
1704069000.0,5-0,160
1704069000.0,5-1,90
1704069000.0,5-2,95
1704069000.0,5-3,90
1704069000.0,5-4,95
1704069000.0,5-5,160
1704069000.0,5-6,220
1704069000.0,5-7,220
1704069000.0,5-8,170
1704069000.0,5-9,220
1704069000.0,5-10,95
1704069000.0,13-0,150
1704069000.0,13-1,160
1704069000.0,13-2,95
1704069000.0,13-3,95
1704069000.0,13-4,100
1704069000.0,13-5,220
1704069000.0,13-6,150
1704069000.0,13-7,220
1704069000.0,13-8,100
1704069000.0,3-0,240
1704069000.0,3-1,95
1704069000.0,3-2,160
1704069000.0,3-3,960
1704069000.0,3-4,160
1704069000.0,3-5,90
1704069000.0,3-6,150
1704069000.0,3-7,90
1704069000.0,3-8,95
1704069900.0,8-0,90
1704069900.0,8-1,160
1704069900.0,8-2,95
1704069900.0,8-3,150
1704069900.0,8-4,90
1704069900.0,8-5,220
1704069900.0,8-6,150
1704069900.0,11-0,90
1704069900.0,11-1,90
1704069900.0,11-2,90
1704069900.0,11-3,240
1704069900.0,11-4,150
1704069900.0,11-5,95
1704069900.0,11-6,150
1704069900.0,11-7,220
1704069900.0,11-8,95
1704069900.0,5-0,160
1704069900.0,5-1,95
1704069900.0,5-2,95
1704069900.0,5-3,95
1704069900.0,5-4,90
1704069900.0,5-5,160
1704069900.0,5-6,220
1704069900.0,5-7,220
1704069900.0,5-8,150
1704069900.0,5-9,220
1704069900.0,5-10,90
1704069900.0,13-0,150
1704069900.0,13-1,160
1704069900.0,13-2,95
1704069900.0,13-3,90
1704069900.0,13-4,95
1704069900.0,13-5,220
1704069900.0,13-6,160
1704069900.0,13-7,220
1704069900.0,13-8,90
1704069900.0,3-0,220
1704069900.0,3-1,90
1704069900.0,3-2,150
1704069900.0,3-3,1040
1704069900.0,3-4,160
1704069900.0,3-5,90
1704069900.0,3-6,150
1704069900.0,3-7,90
1704069900.0,3-8,90
1704070800.0,8-0,85
1704070800.0,8-1,150
1704070800.0,8-2,90
1704070800.0,8-3,140
1704070800.0,8-4,90
1704070800.0,8-5,220
1704070800.0,8-6,150
1704070800.0,11-0,85
1704070800.0,11-1,95
1704070800.0,11-2,85
1704070800.0,11-3,220
1704070800.0,11-4,150
1704070800.0,11-5,90
1704070800.0,11-6,150
1704070800.0,11-7,220
1704070800.0,11-8,90
1704070800.0,5-0,150
1704070800.0,5-1,90
1704070800.0,5-2,85
1704070800.0,5-3,95
1704070800.0,5-4,90
1704070800.0,5-5,150
1704070800.0,5-6,200
1704070800.0,5-7,200
1704070800.0,5-8,150
1704070800.0,5-9,220
1704070800.0,5-10,90
1704070800.0,13-0,160
1704070800.0,13-1,150
1704070800.0,13-2,90
1704070800.0,13-3,85
1704070800.0,13-4,90
1704070800.0,13-5,220
1704070800.0,13-6,150
1704070800.0,13-7,220
1704070800.0,13-8,95
1704070800.0,3-0,220
1704070800.0,3-1,90
1704070800.0,3-2,150
1704070800.0,3-3,1040
1704070800.0,3-4,150
1704070800.0,3-5,90
1704070800.0,3-6,160
1704070800.0,3-7,90
1704070800.0,3-8,85
1704071700.0,8-0,85
1704071700.0,8-1,140
1704071700.0,8-2,85
1704071700.0,8-3,150
1704071700.0,8-4,90
1704071700.0,8-5,220
1704071700.0,8-6,150
1704071700.0,11-0,85
1704071700.0,11-1,85
1704071700.0,11-2,90
1704071700.0,11-3,200
1704071700.0,11-4,150
1704071700.0,11-5,90
1704071700.0,11-6,140
1704071700.0,11-7,220
1704071700.0,11-8,90
1704071700.0,5-0,150
1704071700.0,5-1,90
1704071700.0,5-2,90
1704071700.0,5-3,90
1704071700.0,5-4,90
1704071700.0,5-5,140
1704071700.0,5-6,220
1704071700.0,5-7,200
1704071700.0,5-8,150
1704071700.0,5-9,200
1704071700.0,5-10,85
1704071700.0,13-0,140
1704071700.0,13-1,140
1704071700.0,13-2,90
1704071700.0,13-3,85
1704071700.0,13-4,90
1704071700.0,13-5,220
1704071700.0,13-6,140
1704071700.0,13-7,200
1704071700.0,13-8,85
1704071700.0,3-0,220
1704071700.0,3-1,85
1704071700.0,3-2,150
1704071700.0,3-3,1040
1704071700.0,3-4,150
1704071700.0,3-5,90
1704071700.0,3-6,150
1704071700.0,3-7,90
1704071700.0,3-8,85
1704072600.0,8-0,85
1704072600.0,8-1,140
1704072600.0,8-2,90
1704072600.0,8-3,150
1704072600.0,8-4,85
1704072600.0,8-5,200
1704072600.0,8-6,140
1704072600.0,11-0,85
1704072600.0,11-1,85
1704072600.0,11-2,85
1704072600.0,11-3,200
1704072600.0,11-4,140
1704072600.0,11-5,90
1704072600.0,11-6,150
1704072600.0,11-7,220
1704072600.0,11-8,85
1704072600.0,5-0,150
1704072600.0,5-1,90
1704072600.0,5-2,85
1704072600.0,5-3,85
1704072600.0,5-4,90
1704072600.0,5-5,150
1704072600.0,5-6,220
1704072600.0,5-7,200
1704072600.0,5-8,140
1704072600.0,5-9,200
1704072600.0,5-10,85
1704072600.0,13-0,140
1704072600.0,13-1,140
1704072600.0,13-2,85
1704072600.0,13-3,90
1704072600.0,13-4,90
1704072600.0,13-5,220
1704072600.0,13-6,140
1704072600.0,13-7,200
1704072600.0,13-8,90
1704072600.0,3-0,220
1704072600.0,3-1,90
1704072600.0,3-2,150
1704072600.0,3-3,1040
1704072600.0,3-4,140
1704072600.0,3-5,85
1704072600.0,3-6,140
1704072600.0,3-7,85
1704072600.0,3-8,85
1704073500.0,8-0,85
1704073500.0,8-1,150
1704073500.0,8-2,85
1704073500.0,8-3,140
1704073500.0,8-4,90
1704073500.0,8-5,220
1704073500.0,8-6,150
1704073500.0,11-0,85
1704073500.0,11-1,85
1704073500.0,11-2,85
1704073500.0,11-3,200
1704073500.0,11-4,140
1704073500.0,11-5,85
1704073500.0,11-6,140
1704073500.0,11-7,200
1704073500.0,11-8,90
1704073500.0,5-0,140
1704073500.0,5-1,90
1704073500.0,5-2,85
1704073500.0,5-3,85
1704073500.0,5-4,85
1704073500.0,5-5,140
1704073500.0,5-6,200
1704073500.0,5-7,200
1704073500.0,5-8,140
1704073500.0,5-9,220
1704073500.0,5-10,85
1704073500.0,13-0,140
1704073500.0,13-1,140
1704073500.0,13-2,85
1704073500.0,13-3,90
1704073500.0,13-4,85
1704073500.0,13-5,200
1704073500.0,13-6,150
1704073500.0,13-7,200
1704073500.0,13-8,90
1704073500.0,3-0,200
1704073500.0,3-1,85
1704073500.0,3-2,140
1704073500.0,3-3,960
1704073500.0,3-4,150
1704073500.0,3-5,85
1704073500.0,3-6,150
1704073500.0,3-7,85
1704073500.0,3-8,85
1704074400.0,8-0,85
1704074400.0,8-1,150
1704074400.0,8-2,85
1704074400.0,8-3,140
1704074400.0,8-4,80
1704074400.0,8-5,200
1704074400.0,8-6,140
1704074400.0,11-0,85
1704074400.0,11-1,90
1704074400.0,11-2,85
1704074400.0,11-3,220
1704074400.0,11-4,150
1704074400.0,11-5,90
1704074400.0,11-6,140
1704074400.0,11-7,220
1704074400.0,11-8,85
1704074400.0,5-0,140
1704074400.0,5-1,85
1704074400.0,5-2,90
1704074400.0,5-3,80
1704074400.0,5-4,80
1704074400.0,5-5,140
1704074400.0,5-6,220
1704074400.0,5-7,220
1704074400.0,5-8,140
1704074400.0,5-9,220
1704074400.0,5-10,80
1704074400.0,13-0,140
1704074400.0,13-1,140
1704074400.0,13-2,80
1704074400.0,13-3,85
1704074400.0,13-4,85
1704074400.0,13-5,200
1704074400.0,13-6,140
1704074400.0,13-7,200
1704074400.0,13-8,85
1704074400.0,3-0,200
1704074400.0,3-1,90
1704074400.0,3-2,140
1704074400.0,3-3,1040
1704074400.0,3-4,140
1704074400.0,3-5,90
1704074400.0,3-6,140
1704074400.0,3-7,85
1704074400.0,3-8,85
1704075300.0,8-0,85
1704075300.0,8-1,150
1704075300.0,8-2,80
1704075300.0,8-3,150
1704075300.0,8-4,85
1704075300.0,8-5,200
1704075300.0,8-6,140
1704075300.0,11-0,90
1704075300.0,11-1,90
1704075300.0,11-2,90
1704075300.0,11-3,200
1704075300.0,11-4,140
1704075300.0,11-5,85
1704075300.0,11-6,150
1704075300.0,11-7,200
1704075300.0,11-8,80
1704075300.0,5-0,140
1704075300.0,5-1,80
1704075300.0,5-2,80
1704075300.0,5-3,85
1704075300.0,5-4,80
1704075300.0,5-5,140
1704075300.0,5-6,220
1704075300.0,5-7,200
1704075300.0,5-8,140
1704075300.0,5-9,200
1704075300.0,5-10,85
1704075300.0,13-0,140
1704075300.0,13-1,150
1704075300.0,13-2,90
1704075300.0,13-3,85
1704075300.0,13-4,85
1704075300.0,13-5,200
1704075300.0,13-6,140
1704075300.0,13-7,200
1704075300.0,13-8,90
1704075300.0,3-0,200
1704075300.0,3-1,90
1704075300.0,3-2,140
1704075300.0,3-3,1040
1704075300.0,3-4,140
1704075300.0,3-5,80
1704075300.0,3-6,140
1704075300.0,3-7,80
1704075300.0,3-8,85
1704076200.0,8-0,85
1704076200.0,8-1,140
1704076200.0,8-2,85
1704076200.0,8-3,140
1704076200.0,8-4,85
1704076200.0,8-5,200
1704076200.0,8-6,140
1704076200.0,11-0,85
1704076200.0,11-1,85
1704076200.0,11-2,85
1704076200.0,11-3,200
1704076200.0,11-4,140
1704076200.0,11-5,80
1704076200.0,11-6,150
1704076200.0,11-7,200
1704076200.0,11-8,85
1704076200.0,5-0,130
1704076200.0,5-1,90
1704076200.0,5-2,85
1704076200.0,5-3,80
1704076200.0,5-4,80
1704076200.0,5-5,140
1704076200.0,5-6,200
1704076200.0,5-7,220
1704076200.0,5-8,140
1704076200.0,5-9,200
1704076200.0,5-10,80
1704076200.0,13-0,130
1704076200.0,13-1,140
1704076200.0,13-2,85
1704076200.0,13-3,80
1704076200.0,13-4,85
1704076200.0,13-5,200
1704076200.0,13-6,150
1704076200.0,13-7,200
1704076200.0,13-8,85
1704076200.0,3-0,200
1704076200.0,3-1,85
1704076200.0,3-2,130
1704076200.0,3-3,1040
1704076200.0,3-4,140
1704076200.0,3-5,85
1704076200.0,3-6,140
1704076200.0,3-7,85
1704076200.0,3-8,85
1704077100.0,8-0,85
1704077100.0,8-1,140
1704077100.0,8-2,80
1704077100.0,8-3,140
1704077100.0,8-4,80
1704077100.0,8-5,220
1704077100.0,8-6,140
1704077100.0,11-0,90
1704077100.0,11-1,85
1704077100.0,11-2,90
1704077100.0,11-3,200
1704077100.0,11-4,140
1704077100.0,11-5,85
1704077100.0,11-6,140
1704077100.0,11-7,200
1704077100.0,11-8,80
1704077100.0,5-0,140
1704077100.0,5-1,85
1704077100.0,5-2,80
1704077100.0,5-3,80
1704077100.0,5-4,85
1704077100.0,5-5,150
1704077100.0,5-6,200
1704077100.0,5-7,200
1704077100.0,5-8,140
1704077100.0,5-9,200
1704077100.0,5-10,90
1704077100.0,13-0,140
1704077100.0,13-1,140
1704077100.0,13-2,80
1704077100.0,13-3,85
1704077100.0,13-4,85
1704077100.0,13-5,220
1704077100.0,13-6,130
1704077100.0,13-7,200
1704077100.0,13-8,85
1704077100.0,3-0,220
1704077100.0,3-1,85
1704077100.0,3-2,140
1704077100.0,3-3,1040
1704077100.0,3-4,130
1704077100.0,3-5,85
1704077100.0,3-6,140
1704077100.0,3-7,85
1704077100.0,3-8,80
1704078000.0,8-0,85
1704078000.0,8-1,140
1704078000.0,8-2,80
1704078000.0,8-3,140
1704078000.0,8-4,80
1704078000.0,8-5,200
1704078000.0,8-6,130
1704078000.0,11-0,80
1704078000.0,11-1,85
1704078000.0,11-2,90
1704078000.0,11-3,200
1704078000.0,11-4,140
1704078000.0,11-5,85
1704078000.0,11-6,140
1704078000.0,11-7,200
1704078000.0,11-8,85
1704078000.0,5-0,150
1704078000.0,5-1,80
1704078000.0,5-2,85
1704078000.0,5-3,80
1704078000.0,5-4,85
1704078000.0,5-5,130
1704078000.0,5-6,200
1704078000.0,5-7,200
1704078000.0,5-8,140
1704078000.0,5-9,200
1704078000.0,5-10,85
1704078000.0,13-0,140
1704078000.0,13-1,140
1704078000.0,13-2,85
1704078000.0,13-3,80
1704078000.0,13-4,85
1704078000.0,13-5,200
1704078000.0,13-6,140
1704078000.0,13-7,220
1704078000.0,13-8,85
1704078000.0,3-0,190
1704078000.0,3-1,85
1704078000.0,3-2,130
1704078000.0,3-3,1040
1704078000.0,3-4,140
1704078000.0,3-5,85
1704078000.0,3-6,130
1704078000.0,3-7,80
1704078000.0,3-8,80
1704078900.0,8-0,80
1704078900.0,8-1,140
1704078900.0,8-2,80
1704078900.0,8-3,140
1704078900.0,8-4,85
1704078900.0,8-5,220
1704078900.0,8-6,140
1704078900.0,11-0,80
1704078900.0,11-1,80
1704078900.0,11-2,90
1704078900.0,11-3,200
1704078900.0,11-4,130
1704078900.0,11-5,90
1704078900.0,11-6,140
1704078900.0,11-7,220
1704078900.0,11-8,85
1704078900.0,5-0,140
1704078900.0,5-1,85
1704078900.0,5-2,80
1704078900.0,5-3,80
1704078900.0,5-4,80
1704078900.0,5-5,140
1704078900.0,5-6,200
1704078900.0,5-7,220
1704078900.0,5-8,140
1704078900.0,5-9,200
1704078900.0,5-10,80
1704078900.0,13-0,150
1704078900.0,13-1,140
1704078900.0,13-2,80
1704078900.0,13-3,80
1704078900.0,13-4,85
1704078900.0,13-5,200
1704078900.0,13-6,130
1704078900.0,13-7,200
1704078900.0,13-8,85
1704078900.0,3-0,200
1704078900.0,3-1,85
1704078900.0,3-2,150
1704078900.0,3-3,1040
1704078900.0,3-4,140
1704078900.0,3-5,90
1704078900.0,3-6,140
1704078900.0,3-7,90
1704078900.0,3-8,80
1704079800.0,8-0,90
1704079800.0,8-1,130
1704079800.0,8-2,85
1704079800.0,8-3,140
1704079800.0,8-4,80
1704079800.0,8-5,220
1704079800.0,8-6,150
1704079800.0,11-0,85
1704079800.0,11-1,85
1704079800.0,11-2,90
1704079800.0,11-3,200
1704079800.0,11-4,140
1704079800.0,11-5,85
1704079800.0,11-6,140
1704079800.0,11-7,200
1704079800.0,11-8,80
1704079800.0,5-0,140
1704079800.0,5-1,85
1704079800.0,5-2,85
1704079800.0,5-3,80
1704079800.0,5-4,90
1704079800.0,5-5,140
1704079800.0,5-6,220
1704079800.0,5-7,220
1704079800.0,5-8,150
1704079800.0,5-9,200
1704079800.0,5-10,85
1704079800.0,13-0,140
1704079800.0,13-1,130
1704079800.0,13-2,85
1704079800.0,13-3,80
1704079800.0,13-4,85
1704079800.0,13-5,220
1704079800.0,13-6,140
1704079800.0,13-7,200
1704079800.0,13-8,85
1704079800.0,3-0,200
1704079800.0,3-1,80
1704079800.0,3-2,150
1704079800.0,3-3,960
1704079800.0,3-4,140
1704079800.0,3-5,80
1704079800.0,3-6,130
1704079800.0,3-7,90
1704079800.0,3-8,85
1704080700.0,8-0,80
1704080700.0,8-1,140
1704080700.0,8-2,90
1704080700.0,8-3,150
1704080700.0,8-4,85
1704080700.0,8-5,220
1704080700.0,8-6,140
1704080700.0,11-0,85
1704080700.0,11-1,85
1704080700.0,11-2,90
1704080700.0,11-3,220
1704080700.0,11-4,150
1704080700.0,11-5,85
1704080700.0,11-6,140
1704080700.0,11-7,200
1704080700.0,11-8,85
1704080700.0,5-0,140
1704080700.0,5-1,90
1704080700.0,5-2,85
1704080700.0,5-3,90
1704080700.0,5-4,90
1704080700.0,5-5,140
1704080700.0,5-6,200
1704080700.0,5-7,200
1704080700.0,5-8,140
1704080700.0,5-9,200
1704080700.0,5-10,90
1704080700.0,13-0,150
1704080700.0,13-1,150
1704080700.0,13-2,85
1704080700.0,13-3,85
1704080700.0,13-4,85
1704080700.0,13-5,200
1704080700.0,13-6,150
1704080700.0,13-7,200
1704080700.0,13-8,85
1704080700.0,3-0,200
1704080700.0,3-1,85
1704080700.0,3-2,140
1704080700.0,3-3,960
1704080700.0,3-4,150
1704080700.0,3-5,85
1704080700.0,3-6,140
1704080700.0,3-7,85
1704080700.0,3-8,85
1704081600.0,8-0,85
1704081600.0,8-1,150
1704081600.0,8-2,90
1704081600.0,8-3,140
1704081600.0,8-4,90
1704081600.0,8-5,220
1704081600.0,8-6,140
1704081600.0,11-0,90
1704081600.0,11-1,90
1704081600.0,11-2,90
1704081600.0,11-3,220
1704081600.0,11-4,150
1704081600.0,11-5,90
1704081600.0,11-6,150
1704081600.0,11-7,200
1704081600.0,11-8,90
1704081600.0,5-0,140
1704081600.0,5-1,90
1704081600.0,5-2,85
1704081600.0,5-3,90
1704081600.0,5-4,90
1704081600.0,5-5,140
1704081600.0,5-6,200
1704081600.0,5-7,200
1704081600.0,5-8,150
1704081600.0,5-9,220
1704081600.0,5-10,85
1704081600.0,13-0,150
1704081600.0,13-1,150
1704081600.0,13-2,90
1704081600.0,13-3,85
1704081600.0,13-4,90
1704081600.0,13-5,200
1704081600.0,13-6,150
1704081600.0,13-7,200
1704081600.0,13-8,90
1704081600.0,3-0,220
1704081600.0,3-1,85
1704081600.0,3-2,150
1704081600.0,3-3,960
1704081600.0,3-4,150
1704081600.0,3-5,85
1704081600.0,3-6,150
1704081600.0,3-7,85
1704081600.0,3-8,90
1704082500.0,8-0,90
1704082500.0,8-1,150
1704082500.0,8-2,85
1704082500.0,8-3,160
1704082500.0,8-4,90
1704082500.0,8-5,200
1704082500.0,8-6,140
1704082500.0,11-0,85
1704082500.0,11-1,90
1704082500.0,11-2,95
1704082500.0,11-3,220
1704082500.0,11-4,150
1704082500.0,11-5,90
1704082500.0,11-6,150
1704082500.0,11-7,200
1704082500.0,11-8,90
1704082500.0,5-0,150
1704082500.0,5-1,90
1704082500.0,5-2,85
1704082500.0,5-3,95
1704082500.0,5-4,85
1704082500.0,5-5,150
1704082500.0,5-6,200
1704082500.0,5-7,220
1704082500.0,5-8,150
1704082500.0,5-9,200
1704082500.0,5-10,85
1704082500.0,13-0,140
1704082500.0,13-1,150
1704082500.0,13-2,90
1704082500.0,13-3,90
1704082500.0,13-4,90
1704082500.0,13-5,200
1704082500.0,13-6,150
1704082500.0,13-7,220
1704082500.0,13-8,90
1704082500.0,3-0,200
1704082500.0,3-1,90
1704082500.0,3-2,150
1704082500.0,3-3,1040
1704082500.0,3-4,150
1704082500.0,3-5,95
1704082500.0,3-6,150
1704082500.0,3-7,90
1704082500.0,3-8,90
1704083400.0,8-0,90
1704083400.0,8-1,160
1704083400.0,8-2,100
1704083400.0,8-3,160
1704083400.0,8-4,100
1704083400.0,8-5,220
1704083400.0,8-6,160
1704083400.0,11-0,95
1704083400.0,11-1,95
1704083400.0,11-2,95
1704083400.0,11-3,220
1704083400.0,11-4,160
1704083400.0,11-5,90
1704083400.0,11-6,150
1704083400.0,11-7,240
1704083400.0,11-8,95
1704083400.0,5-0,160
1704083400.0,5-1,90
1704083400.0,5-2,90
1704083400.0,5-3,100
1704083400.0,5-4,90
1704083400.0,5-5,150
1704083400.0,5-6,220
1704083400.0,5-7,240
1704083400.0,5-8,160
1704083400.0,5-9,220
1704083400.0,5-10,90
1704083400.0,13-0,150
1704083400.0,13-1,150
1704083400.0,13-2,90
1704083400.0,13-3,100
1704083400.0,13-4,100
1704083400.0,13-5,240
1704083400.0,13-6,150
1704083400.0,13-7,220
1704083400.0,13-8,95
1704083400.0,3-0,240
1704083400.0,3-1,90
1704083400.0,3-2,160
1704083400.0,3-3,1120
1704083400.0,3-4,160
1704083400.0,3-5,90
1704083400.0,3-6,150
1704083400.0,3-7,90
1704083400.0,3-8,100
1704084300.0,8-0,100
1704084300.0,8-1,170
1704084300.0,8-2,110
1704084300.0,8-3,170
1704084300.0,8-4,100
1704084300.0,8-5,240
1704084300.0,8-6,170
1704084300.0,11-0,100
1704084300.0,11-1,110
1704084300.0,11-2,110
1704084300.0,11-3,240
1704084300.0,11-4,170
1704084300.0,11-5,100
1704084300.0,11-6,180
1704084300.0,11-7,260
1704084300.0,11-8,110
1704084300.0,5-0,170
1704084300.0,5-1,100
1704084300.0,5-2,110
1704084300.0,5-3,110
1704084300.0,5-4,110
1704084300.0,5-5,170
1704084300.0,5-6,240
1704084300.0,5-7,260
1704084300.0,5-8,180
1704084300.0,5-9,240
1704084300.0,5-10,100
1704084300.0,13-0,170
1704084300.0,13-1,170
1704084300.0,13-2,100
1704084300.0,13-3,100
1704084300.0,13-4,110
1704084300.0,13-5,260
1704084300.0,13-6,170
1704084300.0,13-7,260
1704084300.0,13-8,110
1704084300.0,3-0,260
1704084300.0,3-1,110
1704084300.0,3-2,170
1704084300.0,3-3,1120
1704084300.0,3-4,170
1704084300.0,3-5,110
1704084300.0,3-6,180
1704084300.0,3-7,100
1704084300.0,3-8,110
1704085200.0,8-0,120
1704085200.0,8-1,200
1704085200.0,8-2,120
1704085200.0,8-3,200
1704085200.0,8-4,120
1704085200.0,8-5,300
1704085200.0,8-6,200
1704085200.0,11-0,130
1704085200.0,11-1,130
1704085200.0,11-2,120
1704085200.0,11-3,300
1704085200.0,11-4,200
1704085200.0,11-5,120
1704085200.0,11-6,220
1704085200.0,11-7,280
1704085200.0,11-8,130
1704085200.0,5-0,200
1704085200.0,5-1,120
1704085200.0,5-2,130
1704085200.0,5-3,130
1704085200.0,5-4,120
1704085200.0,5-5,220
1704085200.0,5-6,300
1704085200.0,5-7,280
1704085200.0,5-8,200
1704085200.0,5-9,280
1704085200.0,5-10,120
1704085200.0,13-0,200
1704085200.0,13-1,200
1704085200.0,13-2,120
1704085200.0,13-3,120
1704085200.0,13-4,120
1704085200.0,13-5,280
1704085200.0,13-6,190
1704085200.0,13-7,300
1704085200.0,13-8,120
1704085200.0,3-0,300
1704085200.0,3-1,120
1704085200.0,3-2,200
1704085200.0,3-3,1120
1704085200.0,3-4,200
1704085200.0,3-5,120
1704085200.0,3-6,220
1704085200.0,3-7,130
1704085200.0,3-8,120
1704086100.0,8-0,160
1704086100.0,8-1,240
1704086100.0,8-2,150
1704086100.0,8-3,240
1704086100.0,8-4,160
1704086100.0,8-5,360
1704086100.0,8-6,240
1704086100.0,11-0,150
1704086100.0,11-1,150
1704086100.0,11-2,150
1704086100.0,11-3,360
1704086100.0,11-4,240
1704086100.0,11-5,150
1704086100.0,11-6,240
1704086100.0,11-7,360
1704086100.0,11-8,150
1704086100.0,5-0,260
1704086100.0,5-1,150
1704086100.0,5-2,140
1704086100.0,5-3,160
1704086100.0,5-4,150
1704086100.0,5-5,240
1704086100.0,5-6,360
1704086100.0,5-7,360
1704086100.0,5-8,260
1704086100.0,5-9,380
1704086100.0,5-10,160
1704086100.0,13-0,240
1704086100.0,13-1,260
1704086100.0,13-2,150
1704086100.0,13-3,150
1704086100.0,13-4,150
1704086100.0,13-5,360
1704086100.0,13-6,260
1704086100.0,13-7,380
1704086100.0,13-8,150
1704086100.0,3-0,380
1704086100.0,3-1,160
1704086100.0,3-2,260
1704086100.0,3-3,1200
1704086100.0,3-4,240
1704086100.0,3-5,140
1704086100.0,3-6,240
1704086100.0,3-7,150
1704086100.0,3-8,140
1704087000.0,8-0,180
1704087000.0,8-1,320
1704087000.0,8-2,190
1704087000.0,8-3,300
1704087000.0,8-4,180
1704087000.0,8-5,440
1704087000.0,8-6,300
1704087000.0,11-0,170
1704087000.0,11-1,180
1704087000.0,11-2,190
1704087000.0,11-3,440
1704087000.0,11-4,300
1704087000.0,11-5,180
1704087000.0,11-6,300
1704087000.0,11-7,440
1704087000.0,11-8,180
1704087000.0,5-0,280
1704087000.0,5-1,180
1704087000.0,5-2,180
1704087000.0,5-3,180
1704087000.0,5-4,190
1704087000.0,5-5,320
1704087000.0,5-6,440
1704087000.0,5-7,440
1704087000.0,5-8,320
1704087000.0,5-9,440
1704087000.0,5-10,180
1704087000.0,13-0,300
1704087000.0,13-1,300
1704087000.0,13-2,180
1704087000.0,13-3,180
1704087000.0,13-4,190
1704087000.0,13-5,440
1704087000.0,13-6,280
1704087000.0,13-7,440
1704087000.0,13-8,180
1704087000.0,3-0,440
1704087000.0,3-1,190
1704087000.0,3-2,300
1704087000.0,3-3,1200
1704087000.0,3-4,300
1704087000.0,3-5,180
1704087000.0,3-6,320
1704087000.0,3-7,180
1704087000.0,3-8,190
1704087900.0,8-0,220
1704087900.0,8-1,360
1704087900.0,8-2,220
1704087900.0,8-3,380
1704087900.0,8-4,220
1704087900.0,8-5,480
1704087900.0,8-6,340
1704087900.0,11-0,220
1704087900.0,11-1,200
1704087900.0,11-2,200
1704087900.0,11-3,520
1704087900.0,11-4,360
1704087900.0,11-5,220
1704087900.0,11-6,340
1704087900.0,11-7,520
1704087900.0,11-8,220
1704087900.0,5-0,360
1704087900.0,5-1,220
1704087900.0,5-2,220
1704087900.0,5-3,220
1704087900.0,5-4,220
1704087900.0,5-5,380
1704087900.0,5-6,480
1704087900.0,5-7,480
1704087900.0,5-8,360
1704087900.0,5-9,520
1704087900.0,5-10,220
1704087900.0,13-0,340
1704087900.0,13-1,360
1704087900.0,13-2,220
1704087900.0,13-3,220
1704087900.0,13-4,200
1704087900.0,13-5,520
1704087900.0,13-6,360
1704087900.0,13-7,480
1704087900.0,13-8,200
1704087900.0,3-0,520
1704087900.0,3-1,220
1704087900.0,3-2,360
1704087900.0,3-3,1280
1704087900.0,3-4,360
1704087900.0,3-5,200
1704087900.0,3-6,340
1704087900.0,3-7,200
1704087900.0,3-8,220
1704088800.0,8-0,240
1704088800.0,8-1,440
1704088800.0,8-2,260
1704088800.0,8-3,400
1704088800.0,8-4,260
1704088800.0,8-5,600
1704088800.0,8-6,380
1704088800.0,11-0,240
1704088800.0,11-1,240
1704088800.0,11-2,240
1704088800.0,11-3,600
1704088800.0,11-4,380
1704088800.0,11-5,260
1704088800.0,11-6,400
1704088800.0,11-7,600
1704088800.0,11-8,240
1704088800.0,5-0,400
1704088800.0,5-1,260
1704088800.0,5-2,240
1704088800.0,5-3,240
1704088800.0,5-4,240
1704088800.0,5-5,400
1704088800.0,5-6,600
1704088800.0,5-7,600
1704088800.0,5-8,400
1704088800.0,5-9,560
1704088800.0,5-10,240
1704088800.0,13-0,440
1704088800.0,13-1,380
1704088800.0,13-2,240
1704088800.0,13-3,240
1704088800.0,13-4,240
1704088800.0,13-5,600
1704088800.0,13-6,400
1704088800.0,13-7,600
1704088800.0,13-8,240
1704088800.0,3-0,560
1704088800.0,3-1,240
1704088800.0,3-2,400
1704088800.0,3-3,1440
1704088800.0,3-4,400
1704088800.0,3-5,260
1704088800.0,3-6,400
1704088800.0,3-7,240
1704088800.0,3-8,240
1704089700.0,8-0,260
1704089700.0,8-1,440
1704089700.0,8-2,280
1704089700.0,8-3,440
1704089700.0,8-4,280
1704089700.0,8-5,640
1704089700.0,8-6,440
1704089700.0,11-0,260
1704089700.0,11-1,280
1704089700.0,11-2,260
1704089700.0,11-3,600
1704089700.0,11-4,440
1704089700.0,11-5,260
1704089700.0,11-6,440
1704089700.0,11-7,640
1704089700.0,11-8,280
1704089700.0,5-0,440
1704089700.0,5-1,260
1704089700.0,5-2,280
1704089700.0,5-3,260
1704089700.0,5-4,260
1704089700.0,5-5,440
1704089700.0,5-6,640
1704089700.0,5-7,680
1704089700.0,5-8,440
1704089700.0,5-9,640
1704089700.0,5-10,280
1704089700.0,13-0,440
1704089700.0,13-1,440
1704089700.0,13-2,280
1704089700.0,13-3,260
1704089700.0,13-4,260
1704089700.0,13-5,640
1704089700.0,13-6,440
1704089700.0,13-7,640
1704089700.0,13-8,280
1704089700.0,3-0,640
1704089700.0,3-1,280
1704089700.0,3-2,440
1704089700.0,3-3,1600
1704089700.0,3-4,440
1704089700.0,3-5,260
1704089700.0,3-6,440
1704089700.0,3-7,260
1704089700.0,3-8,260
1704090600.0,8-0,280
1704090600.0,8-1,440
1704090600.0,8-2,300
1704090600.0,8-3,480
1704090600.0,8-4,300
1704090600.0,8-5,680
1704090600.0,8-6,480
1704090600.0,11-0,280
1704090600.0,11-1,300
1704090600.0,11-2,280
1704090600.0,11-3,640
1704090600.0,11-4,480
1704090600.0,11-5,300
1704090600.0,11-6,480
1704090600.0,11-7,680
1704090600.0,11-8,280
1704090600.0,5-0,480
1704090600.0,5-1,300
1704090600.0,5-2,300
1704090600.0,5-3,280
1704090600.0,5-4,280
1704090600.0,5-5,480
1704090600.0,5-6,680
1704090600.0,5-7,680
1704090600.0,5-8,440
1704090600.0,5-9,640
1704090600.0,5-10,300
1704090600.0,13-0,480
1704090600.0,13-1,440
1704090600.0,13-2,280
1704090600.0,13-3,280
1704090600.0,13-4,300
1704090600.0,13-5,680
1704090600.0,13-6,480
1704090600.0,13-7,720
1704090600.0,13-8,280
1704090600.0,3-0,680
1704090600.0,3-1,280
1704090600.0,3-2,480
1704090600.0,3-3,1760
1704090600.0,3-4,440
1704090600.0,3-5,280
1704090600.0,3-6,440
1704090600.0,3-7,280
1704090600.0,3-8,300
1704091500.0,8-0,300
1704091500.0,8-1,480
1704091500.0,8-2,280
1704091500.0,8-3,480
1704091500.0,8-4,300
1704091500.0,8-5,680
1704091500.0,8-6,520
1704091500.0,11-0,280
1704091500.0,11-1,300
1704091500.0,11-2,300
1704091500.0,11-3,720
1704091500.0,11-4,480
1704091500.0,11-5,300
1704091500.0,11-6,480
1704091500.0,11-7,720
1704091500.0,11-8,300
1704091500.0,5-0,520
1704091500.0,5-1,300
1704091500.0,5-2,280
1704091500.0,5-3,280
1704091500.0,5-4,280
1704091500.0,5-5,480
1704091500.0,5-6,720
1704091500.0,5-7,720
1704091500.0,5-8,480
1704091500.0,5-9,720
1704091500.0,5-10,280
1704091500.0,13-0,480
1704091500.0,13-1,480
1704091500.0,13-2,300
1704091500.0,13-3,300
1704091500.0,13-4,300
1704091500.0,13-5,680
1704091500.0,13-6,520
1704091500.0,13-7,680
1704091500.0,13-8,300
1704091500.0,3-0,720
1704091500.0,3-1,300
1704091500.0,3-2,480
1704091500.0,3-3,1920
1704091500.0,3-4,480
1704091500.0,3-5,280
1704091500.0,3-6,480
1704091500.0,3-7,300
1704091500.0,3-8,280
1704092400.0,8-0,280
1704092400.0,8-1,480
1704092400.0,8-2,300
1704092400.0,8-3,520
1704092400.0,8-4,300
1704092400.0,8-5,720
1704092400.0,8-6,520
1704092400.0,11-0,300
1704092400.0,11-1,280
1704092400.0,11-2,300
1704092400.0,11-3,680
1704092400.0,11-4,520
1704092400.0,11-5,300
1704092400.0,11-6,520
1704092400.0,11-7,680
1704092400.0,11-8,300
1704092400.0,5-0,480
1704092400.0,5-1,300
1704092400.0,5-2,300
1704092400.0,5-3,320
1704092400.0,5-4,300
1704092400.0,5-5,520
1704092400.0,5-6,680
1704092400.0,5-7,680
1704092400.0,5-8,520
1704092400.0,5-9,720
1704092400.0,5-10,280
1704092400.0,13-0,480
1704092400.0,13-1,520
1704092400.0,13-2,300
1704092400.0,13-3,300
1704092400.0,13-4,300
1704092400.0,13-5,720
1704092400.0,13-6,480
1704092400.0,13-7,760
1704092400.0,13-8,300
1704092400.0,3-0,680
1704092400.0,3-1,300
1704092400.0,3-2,480
1704092400.0,3-3,2240
1704092400.0,3-4,480
1704092400.0,3-5,300
1704092400.0,3-6,480
1704092400.0,3-7,320
1704092400.0,3-8,300
1704093300.0,8-0,320
1704093300.0,8-1,520
1704093300.0,8-2,300
1704093300.0,8-3,520
1704093300.0,8-4,300
1704093300.0,8-5,720
1704093300.0,8-6,520
1704093300.0,11-0,300
1704093300.0,11-1,320
1704093300.0,11-2,300
1704093300.0,11-3,720
1704093300.0,11-4,480
1704093300.0,11-5,300
1704093300.0,11-6,480
1704093300.0,11-7,680
1704093300.0,11-8,300
1704093300.0,5-0,480
1704093300.0,5-1,300
1704093300.0,5-2,320
1704093300.0,5-3,300
1704093300.0,5-4,320
1704093300.0,5-5,480
1704093300.0,5-6,720
1704093300.0,5-7,720
1704093300.0,5-8,480
1704093300.0,5-9,720
1704093300.0,5-10,280
1704093300.0,13-0,480
1704093300.0,13-1,480
1704093300.0,13-2,320
1704093300.0,13-3,300
1704093300.0,13-4,300
1704093300.0,13-5,680
1704093300.0,13-6,480
1704093300.0,13-7,720
1704093300.0,13-8,300
1704093300.0,3-0,720
1704093300.0,3-1,300
1704093300.0,3-2,480
1704093300.0,3-3,2720
1704093300.0,3-4,480
1704093300.0,3-5,280
1704093300.0,3-6,520
1704093300.0,3-7,300
1704093300.0,3-8,300
1704094200.0,8-0,300
1704094200.0,8-1,520
1704094200.0,8-2,280
1704094200.0,8-3,480
1704094200.0,8-4,300
1704094200.0,8-5,680
1704094200.0,8-6,520
1704094200.0,11-0,300
1704094200.0,11-1,280
1704094200.0,11-2,300
1704094200.0,11-3,680
1704094200.0,11-4,480
1704094200.0,11-5,300
1704094200.0,11-6,480
1704094200.0,11-7,720
1704094200.0,11-8,300
1704094200.0,5-0,480
1704094200.0,5-1,300
1704094200.0,5-2,280
1704094200.0,5-3,300
1704094200.0,5-4,300
1704094200.0,5-5,480
1704094200.0,5-6,720
1704094200.0,5-7,720
1704094200.0,5-8,520
1704094200.0,5-9,720
1704094200.0,5-10,300
1704094200.0,13-0,480
1704094200.0,13-1,520
1704094200.0,13-2,300
1704094200.0,13-3,300
1704094200.0,13-4,300
1704094200.0,13-5,720
1704094200.0,13-6,520
1704094200.0,13-7,760
1704094200.0,13-8,300
1704094200.0,3-0,680
1704094200.0,3-1,300
1704094200.0,3-2,480
1704094200.0,3-3,2880
1704094200.0,3-4,480
1704094200.0,3-5,300
1704094200.0,3-6,520
1704094200.0,3-7,300
1704094200.0,3-8,280
1704095100.0,8-0,300
1704095100.0,8-1,480
1704095100.0,8-2,280
1704095100.0,8-3,480
1704095100.0,8-4,280
1704095100.0,8-5,680
1704095100.0,8-6,480
1704095100.0,11-0,300
1704095100.0,11-1,300
1704095100.0,11-2,280
1704095100.0,11-3,680
1704095100.0,11-4,520
1704095100.0,11-5,280
1704095100.0,11-6,480
1704095100.0,11-7,720
1704095100.0,11-8,280
1704095100.0,5-0,480
1704095100.0,5-1,300
1704095100.0,5-2,300
1704095100.0,5-3,300
1704095100.0,5-4,300
1704095100.0,5-5,480
1704095100.0,5-6,720
1704095100.0,5-7,720
1704095100.0,5-8,480
1704095100.0,5-9,720
1704095100.0,5-10,280
1704095100.0,13-0,480
1704095100.0,13-1,520
1704095100.0,13-2,300
1704095100.0,13-3,300
1704095100.0,13-4,300
1704095100.0,13-5,720
1704095100.0,13-6,480
1704095100.0,13-7,680
1704095100.0,13-8,300
1704095100.0,3-0,680
1704095100.0,3-1,300
1704095100.0,3-2,480
1704095100.0,3-3,3520
1704095100.0,3-4,480
1704095100.0,3-5,280
1704095100.0,3-6,480
1704095100.0,3-7,300
1704095100.0,3-8,280
1704096000.0,8-0,280
1704096000.0,8-1,440
1704096000.0,8-2,280
1704096000.0,8-3,480
1704096000.0,8-4,300
1704096000.0,8-5,680
1704096000.0,8-6,480
1704096000.0,11-0,300
1704096000.0,11-1,280
1704096000.0,11-2,300
1704096000.0,11-3,680
1704096000.0,11-4,480
1704096000.0,11-5,300
1704096000.0,11-6,480
1704096000.0,11-7,680
1704096000.0,11-8,300
1704096000.0,5-0,480
1704096000.0,5-1,280
1704096000.0,5-2,280
1704096000.0,5-3,280
1704096000.0,5-4,280
1704096000.0,5-5,480
1704096000.0,5-6,680
1704096000.0,5-7,720
1704096000.0,5-8,480
1704096000.0,5-9,680
1704096000.0,5-10,280
1704096000.0,13-0,480
1704096000.0,13-1,440
1704096000.0,13-2,300
1704096000.0,13-3,300
1704096000.0,13-4,300
1704096000.0,13-5,680
1704096000.0,13-6,480
1704096000.0,13-7,720
1704096000.0,13-8,280
1704096000.0,3-0,720
1704096000.0,3-1,300
1704096000.0,3-2,440
1704096000.0,3-3,3520
1704096000.0,3-4,480
1704096000.0,3-5,280
1704096000.0,3-6,480
1704096000.0,3-7,300
1704096000.0,3-8,280
1704096900.0,8-0,280
1704096900.0,8-1,480
1704096900.0,8-2,280
1704096900.0,8-3,480
1704096900.0,8-4,260
1704096900.0,8-5,720
1704096900.0,8-6,440
1704096900.0,11-0,280
1704096900.0,11-1,260
1704096900.0,11-2,300
1704096900.0,11-3,640
1704096900.0,11-4,480
1704096900.0,11-5,260
1704096900.0,11-6,440
1704096900.0,11-7,680
1704096900.0,11-8,280
1704096900.0,5-0,440
1704096900.0,5-1,280
1704096900.0,5-2,300
1704096900.0,5-3,280
1704096900.0,5-4,280
1704096900.0,5-5,440
1704096900.0,5-6,640
1704096900.0,5-7,640
1704096900.0,5-8,480
1704096900.0,5-9,640
1704096900.0,5-10,280
1704096900.0,13-0,440
1704096900.0,13-1,440
1704096900.0,13-2,300
1704096900.0,13-3,280
1704096900.0,13-4,280
1704096900.0,13-5,720
1704096900.0,13-6,480
1704096900.0,13-7,680
1704096900.0,13-8,300
1704096900.0,3-0,680
1704096900.0,3-1,280
1704096900.0,3-2,440
1704096900.0,3-3,3520
1704096900.0,3-4,480
1704096900.0,3-5,280
1704096900.0,3-6,480
1704096900.0,3-7,260
1704096900.0,3-8,280
1704097800.0,8-0,260
1704097800.0,8-1,440
1704097800.0,8-2,280
1704097800.0,8-3,440
1704097800.0,8-4,280
1704097800.0,8-5,680
1704097800.0,8-6,440
1704097800.0,11-0,280
1704097800.0,11-1,260
1704097800.0,11-2,260
1704097800.0,11-3,680
1704097800.0,11-4,440
1704097800.0,11-5,260
1704097800.0,11-6,480
1704097800.0,11-7,680
1704097800.0,11-8,280
1704097800.0,5-0,480
1704097800.0,5-1,280
1704097800.0,5-2,280
1704097800.0,5-3,280
1704097800.0,5-4,260
1704097800.0,5-5,440
1704097800.0,5-6,640
1704097800.0,5-7,640
1704097800.0,5-8,440
1704097800.0,5-9,640
1704097800.0,5-10,280
1704097800.0,13-0,440
1704097800.0,13-1,480
1704097800.0,13-2,280
1704097800.0,13-3,260
1704097800.0,13-4,280
1704097800.0,13-5,640
1704097800.0,13-6,440
1704097800.0,13-7,680
1704097800.0,13-8,280
1704097800.0,3-0,640
1704097800.0,3-1,260
1704097800.0,3-2,440
1704097800.0,3-3,3840
1704097800.0,3-4,440
1704097800.0,3-5,280
1704097800.0,3-6,440
1704097800.0,3-7,260
1704097800.0,3-8,260
1704098700.0,8-0,280
1704098700.0,8-1,440
1704098700.0,8-2,280
1704098700.0,8-3,440
1704098700.0,8-4,280
1704098700.0,8-5,640
1704098700.0,8-6,480
1704098700.0,11-0,260
1704098700.0,11-1,260
1704098700.0,11-2,260
1704098700.0,11-3,640
1704098700.0,11-4,440
1704098700.0,11-5,280
1704098700.0,11-6,440
1704098700.0,11-7,640
1704098700.0,11-8,260
1704098700.0,5-0,440
1704098700.0,5-1,280
1704098700.0,5-2,280
1704098700.0,5-3,260
1704098700.0,5-4,280
1704098700.0,5-5,440
1704098700.0,5-6,600
1704098700.0,5-7,680
1704098700.0,5-8,440
1704098700.0,5-9,640
1704098700.0,5-10,280
1704098700.0,13-0,440
1704098700.0,13-1,480
1704098700.0,13-2,280
1704098700.0,13-3,260
1704098700.0,13-4,280
1704098700.0,13-5,640
1704098700.0,13-6,440
1704098700.0,13-7,640
1704098700.0,13-8,280
1704098700.0,3-0,640
1704098700.0,3-1,280
1704098700.0,3-2,440
1704098700.0,3-3,3840
1704098700.0,3-4,440
1704098700.0,3-5,260
1704098700.0,3-6,440
1704098700.0,3-7,280
1704098700.0,3-8,260
1704099600.0,8-0,260
1704099600.0,8-1,440
1704099600.0,8-2,260
1704099600.0,8-3,400
1704099600.0,8-4,260
1704099600.0,8-5,640
1704099600.0,8-6,440
1704099600.0,11-0,280
1704099600.0,11-1,260
1704099600.0,11-2,260
1704099600.0,11-3,600
1704099600.0,11-4,440
1704099600.0,11-5,260
1704099600.0,11-6,440
1704099600.0,11-7,640
1704099600.0,11-8,260
1704099600.0,5-0,400
1704099600.0,5-1,260
1704099600.0,5-2,260
1704099600.0,5-3,260
1704099600.0,5-4,280
1704099600.0,5-5,440
1704099600.0,5-6,600
1704099600.0,5-7,640
1704099600.0,5-8,400
1704099600.0,5-9,640
1704099600.0,5-10,260
1704099600.0,13-0,440
1704099600.0,13-1,440
1704099600.0,13-2,280
1704099600.0,13-3,260
1704099600.0,13-4,280
1704099600.0,13-5,680
1704099600.0,13-6,440
1704099600.0,13-7,600
1704099600.0,13-8,260
1704099600.0,3-0,600
1704099600.0,3-1,260
1704099600.0,3-2,440
1704099600.0,3-3,3840
1704099600.0,3-4,440
1704099600.0,3-5,260
1704099600.0,3-6,440
1704099600.0,3-7,260
1704099600.0,3-8,260
1704100500.0,8-0,240
1704100500.0,8-1,440
1704100500.0,8-2,260
1704100500.0,8-3,440
1704100500.0,8-4,260
1704100500.0,8-5,640
1704100500.0,8-6,440
1704100500.0,11-0,280
1704100500.0,11-1,260
1704100500.0,11-2,260
1704100500.0,11-3,600
1704100500.0,11-4,440
1704100500.0,11-5,260
1704100500.0,11-6,440
1704100500.0,11-7,640
1704100500.0,11-8,260
1704100500.0,5-0,440
1704100500.0,5-1,260
1704100500.0,5-2,240
1704100500.0,5-3,260
1704100500.0,5-4,260
1704100500.0,5-5,440
1704100500.0,5-6,600
1704100500.0,5-7,600
1704100500.0,5-8,440
1704100500.0,5-9,640
1704100500.0,5-10,260
1704100500.0,13-0,400
1704100500.0,13-1,440
1704100500.0,13-2,240
1704100500.0,13-3,260
1704100500.0,13-4,240
1704100500.0,13-5,600
1704100500.0,13-6,440
1704100500.0,13-7,640
1704100500.0,13-8,280
1704100500.0,3-0,640
1704100500.0,3-1,260
1704100500.0,3-2,440
1704100500.0,3-3,3840
1704100500.0,3-4,440
1704100500.0,3-5,260
1704100500.0,3-6,440
1704100500.0,3-7,260
1704100500.0,3-8,260
1704101400.0,8-0,260
1704101400.0,8-1,440
1704101400.0,8-2,260
1704101400.0,8-3,440
1704101400.0,8-4,240
1704101400.0,8-5,640
1704101400.0,8-6,440
1704101400.0,11-0,260
1704101400.0,11-1,240
1704101400.0,11-2,240
1704101400.0,11-3,600
1704101400.0,11-4,400
1704101400.0,11-5,260
1704101400.0,11-6,400
1704101400.0,11-7,600
1704101400.0,11-8,240
1704101400.0,5-0,400
1704101400.0,5-1,260
1704101400.0,5-2,260
1704101400.0,5-3,260
1704101400.0,5-4,260
1704101400.0,5-5,400
1704101400.0,5-6,600
1704101400.0,5-7,600
1704101400.0,5-8,400
1704101400.0,5-9,640
1704101400.0,5-10,260
1704101400.0,13-0,440
1704101400.0,13-1,440
1704101400.0,13-2,240
1704101400.0,13-3,260
1704101400.0,13-4,260
1704101400.0,13-5,600
1704101400.0,13-6,400
1704101400.0,13-7,640
1704101400.0,13-8,260
1704101400.0,3-0,600
1704101400.0,3-1,260
1704101400.0,3-2,400
1704101400.0,3-3,3840
1704101400.0,3-4,440
1704101400.0,3-5,260
1704101400.0,3-6,440
1704101400.0,3-7,240
1704101400.0,3-8,260
1704102300.0,8-0,260
1704102300.0,8-1,400
1704102300.0,8-2,240
1704102300.0,8-3,400
1704102300.0,8-4,260
1704102300.0,8-5,640
1704102300.0,8-6,400
1704102300.0,11-0,240
1704102300.0,11-1,260
1704102300.0,11-2,260
1704102300.0,11-3,600
1704102300.0,11-4,400
1704102300.0,11-5,260
1704102300.0,11-6,400
1704102300.0,11-7,600
1704102300.0,11-8,260
1704102300.0,5-0,400
1704102300.0,5-1,240
1704102300.0,5-2,260
1704102300.0,5-3,240
1704102300.0,5-4,240
1704102300.0,5-5,440
1704102300.0,5-6,640
1704102300.0,5-7,600
1704102300.0,5-8,440
1704102300.0,5-9,600
1704102300.0,5-10,240
1704102300.0,13-0,440
1704102300.0,13-1,400
1704102300.0,13-2,260
1704102300.0,13-3,240
1704102300.0,13-4,260
1704102300.0,13-5,640
1704102300.0,13-6,440
1704102300.0,13-7,640
1704102300.0,13-8,240
1704102300.0,3-0,640
1704102300.0,3-1,260
1704102300.0,3-2,400
1704102300.0,3-3,3840
1704102300.0,3-4,440
1704102300.0,3-5,260
1704102300.0,3-6,440
1704102300.0,3-7,260
1704102300.0,3-8,260
1704103200.0,8-0,260
1704103200.0,8-1,440
1704103200.0,8-2,240
1704103200.0,8-3,440
1704103200.0,8-4,240
1704103200.0,8-5,600
1704103200.0,8-6,440
1704103200.0,11-0,260
1704103200.0,11-1,260
1704103200.0,11-2,240
1704103200.0,11-3,600
1704103200.0,11-4,400
1704103200.0,11-5,240
1704103200.0,11-6,400
1704103200.0,11-7,600
1704103200.0,11-8,240
1704103200.0,5-0,440
1704103200.0,5-1,260
1704103200.0,5-2,260
1704103200.0,5-3,260
1704103200.0,5-4,260
1704103200.0,5-5,400
1704103200.0,5-6,640
1704103200.0,5-7,600
1704103200.0,5-8,400
1704103200.0,5-9,600
1704103200.0,5-10,260
1704103200.0,13-0,400
1704103200.0,13-1,440
1704103200.0,13-2,260
1704103200.0,13-3,240
1704103200.0,13-4,260
1704103200.0,13-5,600
1704103200.0,13-6,440
1704103200.0,13-7,600
1704103200.0,13-8,260
1704103200.0,3-0,600
1704103200.0,3-1,260
1704103200.0,3-2,440
1704103200.0,3-3,3840
1704103200.0,3-4,400
1704103200.0,3-5,260
1704103200.0,3-6,400
1704103200.0,3-7,260
1704103200.0,3-8,240
1704104100.0,8-0,260
1704104100.0,8-1,400
1704104100.0,8-2,260
1704104100.0,8-3,440
1704104100.0,8-4,260
1704104100.0,8-5,600
1704104100.0,8-6,400
1704104100.0,11-0,260
1704104100.0,11-1,260
1704104100.0,11-2,260
1704104100.0,11-3,640
1704104100.0,11-4,400
1704104100.0,11-5,260
1704104100.0,11-6,400
1704104100.0,11-7,640
1704104100.0,11-8,240
1704104100.0,5-0,440
1704104100.0,5-1,240
1704104100.0,5-2,240
1704104100.0,5-3,260
1704104100.0,5-4,260
1704104100.0,5-5,440
1704104100.0,5-6,640
1704104100.0,5-7,600
1704104100.0,5-8,440
1704104100.0,5-9,640
1704104100.0,5-10,240
1704104100.0,13-0,440
1704104100.0,13-1,400
1704104100.0,13-2,260
1704104100.0,13-3,260
1704104100.0,13-4,240
1704104100.0,13-5,640
1704104100.0,13-6,400
1704104100.0,13-7,600
1704104100.0,13-8,240
1704104100.0,3-0,640
1704104100.0,3-1,260
1704104100.0,3-2,440
1704104100.0,3-3,3840
1704104100.0,3-4,440
1704104100.0,3-5,260
1704104100.0,3-6,440
1704104100.0,3-7,260
1704104100.0,3-8,260
1704105000.0,8-0,260
1704105000.0,8-1,400
1704105000.0,8-2,260
1704105000.0,8-3,440
1704105000.0,8-4,260
1704105000.0,8-5,600
1704105000.0,8-6,400
1704105000.0,11-0,260
1704105000.0,11-1,260
1704105000.0,11-2,260
1704105000.0,11-3,640
1704105000.0,11-4,440
1704105000.0,11-5,260
1704105000.0,11-6,400
1704105000.0,11-7,640
1704105000.0,11-8,240
1704105000.0,5-0,440
1704105000.0,5-1,240
1704105000.0,5-2,260
1704105000.0,5-3,260
1704105000.0,5-4,260
1704105000.0,5-5,400
1704105000.0,5-6,600
1704105000.0,5-7,640
1704105000.0,5-8,400
1704105000.0,5-9,640
1704105000.0,5-10,260
1704105000.0,13-0,400
1704105000.0,13-1,440
1704105000.0,13-2,260
1704105000.0,13-3,260
1704105000.0,13-4,260
1704105000.0,13-5,600
1704105000.0,13-6,400
1704105000.0,13-7,600
1704105000.0,13-8,260
1704105000.0,3-0,600
1704105000.0,3-1,260
1704105000.0,3-2,440
1704105000.0,3-3,3840
1704105000.0,3-4,440
1704105000.0,3-5,260
1704105000.0,3-6,440
1704105000.0,3-7,260
1704105000.0,3-8,260
1704105900.0,8-0,260
1704105900.0,8-1,440
1704105900.0,8-2,280
1704105900.0,8-3,440
1704105900.0,8-4,260
1704105900.0,8-5,640
1704105900.0,8-6,400
1704105900.0,11-0,260
1704105900.0,11-1,260
1704105900.0,11-2,260
1704105900.0,11-3,640
1704105900.0,11-4,440
1704105900.0,11-5,260
1704105900.0,11-6,440
1704105900.0,11-7,600
1704105900.0,11-8,260
1704105900.0,5-0,440
1704105900.0,5-1,260
1704105900.0,5-2,260
1704105900.0,5-3,260
1704105900.0,5-4,260
1704105900.0,5-5,440
1704105900.0,5-6,640
1704105900.0,5-7,600
1704105900.0,5-8,440
1704105900.0,5-9,640
1704105900.0,5-10,260
1704105900.0,13-0,440
1704105900.0,13-1,440
1704105900.0,13-2,260
1704105900.0,13-3,260
1704105900.0,13-4,280
1704105900.0,13-5,640
1704105900.0,13-6,440
1704105900.0,13-7,640
1704105900.0,13-8,280
1704105900.0,3-0,640
1704105900.0,3-1,260
1704105900.0,3-2,440
1704105900.0,3-3,3840
1704105900.0,3-4,400
1704105900.0,3-5,260
1704105900.0,3-6,440
1704105900.0,3-7,240
1704105900.0,3-8,260
1704106800.0,8-0,260
1704106800.0,8-1,440
1704106800.0,8-2,280
1704106800.0,8-3,440
1704106800.0,8-4,260
1704106800.0,8-5,640
1704106800.0,8-6,440
1704106800.0,11-0,280
1704106800.0,11-1,260
1704106800.0,11-2,260
1704106800.0,11-3,640
1704106800.0,11-4,440
1704106800.0,11-5,260
1704106800.0,11-6,440
1704106800.0,11-7,600
1704106800.0,11-8,280
1704106800.0,5-0,440
1704106800.0,5-1,280
1704106800.0,5-2,280
1704106800.0,5-3,280
1704106800.0,5-4,260
1704106800.0,5-5,440
1704106800.0,5-6,640
1704106800.0,5-7,680
1704106800.0,5-8,440
1704106800.0,5-9,680
1704106800.0,5-10,260
1704106800.0,13-0,440
1704106800.0,13-1,440
1704106800.0,13-2,280
1704106800.0,13-3,260
1704106800.0,13-4,260
1704106800.0,13-5,640
1704106800.0,13-6,440
1704106800.0,13-7,680
1704106800.0,13-8,280
1704106800.0,3-0,640
1704106800.0,3-1,260
1704106800.0,3-2,440
1704106800.0,3-3,3840
1704106800.0,3-4,440
1704106800.0,3-5,260
1704106800.0,3-6,440
1704106800.0,3-7,260
1704106800.0,3-8,260
1704107700.0,8-0,280
1704107700.0,8-1,480
1704107700.0,8-2,280
1704107700.0,8-3,480
1704107700.0,8-4,280
1704107700.0,8-5,680
1704107700.0,8-6,480
1704107700.0,11-0,260
1704107700.0,11-1,260
1704107700.0,11-2,260
1704107700.0,11-3,640
1704107700.0,11-4,480
1704107700.0,11-5,280
1704107700.0,11-6,440
1704107700.0,11-7,680
1704107700.0,11-8,280
1704107700.0,5-0,440
1704107700.0,5-1,280
1704107700.0,5-2,280
1704107700.0,5-3,280
1704107700.0,5-4,280
1704107700.0,5-5,440
1704107700.0,5-6,640
1704107700.0,5-7,680
1704107700.0,5-8,440
1704107700.0,5-9,640
1704107700.0,5-10,280
1704107700.0,13-0,480
1704107700.0,13-1,440
1704107700.0,13-2,280
1704107700.0,13-3,280
1704107700.0,13-4,260
1704107700.0,13-5,640
1704107700.0,13-6,440
1704107700.0,13-7,640
1704107700.0,13-8,280
1704107700.0,3-0,680
1704107700.0,3-1,280
1704107700.0,3-2,480
1704107700.0,3-3,3840
1704107700.0,3-4,480
1704107700.0,3-5,260
1704107700.0,3-6,440
1704107700.0,3-7,280
1704107700.0,3-8,280
1704108600.0,8-0,300
1704108600.0,8-1,480
1704108600.0,8-2,300
1704108600.0,8-3,480
1704108600.0,8-4,280
1704108600.0,8-5,720
1704108600.0,8-6,480
1704108600.0,11-0,280
1704108600.0,11-1,280
1704108600.0,11-2,280
1704108600.0,11-3,680
1704108600.0,11-4,440
1704108600.0,11-5,280
1704108600.0,11-6,480
1704108600.0,11-7,720
1704108600.0,11-8,280
1704108600.0,5-0,480
1704108600.0,5-1,280
1704108600.0,5-2,280
1704108600.0,5-3,280
1704108600.0,5-4,280
1704108600.0,5-5,480
1704108600.0,5-6,680
1704108600.0,5-7,640
1704108600.0,5-8,480
1704108600.0,5-9,680
1704108600.0,5-10,300
1704108600.0,13-0,480
1704108600.0,13-1,440
1704108600.0,13-2,280
1704108600.0,13-3,300
1704108600.0,13-4,300
1704108600.0,13-5,680
1704108600.0,13-6,480
1704108600.0,13-7,680
1704108600.0,13-8,280
1704108600.0,3-0,720
1704108600.0,3-1,300
1704108600.0,3-2,480
1704108600.0,3-3,3840
1704108600.0,3-4,440
1704108600.0,3-5,280
1704108600.0,3-6,480
1704108600.0,3-7,280
1704108600.0,3-8,280
1704109500.0,8-0,300
1704109500.0,8-1,480
1704109500.0,8-2,300
1704109500.0,8-3,480
1704109500.0,8-4,280
1704109500.0,8-5,720
1704109500.0,8-6,480
1704109500.0,11-0,300
1704109500.0,11-1,280
1704109500.0,11-2,300
1704109500.0,11-3,720
1704109500.0,11-4,480
1704109500.0,11-5,280
1704109500.0,11-6,480
1704109500.0,11-7,680
1704109500.0,11-8,280
1704109500.0,5-0,520
1704109500.0,5-1,300
1704109500.0,5-2,280
1704109500.0,5-3,280
1704109500.0,5-4,280
1704109500.0,5-5,480
1704109500.0,5-6,680
1704109500.0,5-7,720
1704109500.0,5-8,480
1704109500.0,5-9,680
1704109500.0,5-10,300
1704109500.0,13-0,480
1704109500.0,13-1,480
1704109500.0,13-2,300
1704109500.0,13-3,280
1704109500.0,13-4,300
1704109500.0,13-5,680
1704109500.0,13-6,520
1704109500.0,13-7,720
1704109500.0,13-8,280
1704109500.0,3-0,680
1704109500.0,3-1,280
1704109500.0,3-2,480
1704109500.0,3-3,3520
1704109500.0,3-4,480
1704109500.0,3-5,280
1704109500.0,3-6,480
1704109500.0,3-7,300
1704109500.0,3-8,280
1704110400.0,8-0,300
1704110400.0,8-1,480
1704110400.0,8-2,300
1704110400.0,8-3,480
1704110400.0,8-4,280
1704110400.0,8-5,720
1704110400.0,8-6,480
1704110400.0,11-0,300
1704110400.0,11-1,300
1704110400.0,11-2,280
1704110400.0,11-3,720
1704110400.0,11-4,480
1704110400.0,11-5,320
1704110400.0,11-6,480
1704110400.0,11-7,760
1704110400.0,11-8,300
1704110400.0,5-0,480
1704110400.0,5-1,280
1704110400.0,5-2,300
1704110400.0,5-3,300
1704110400.0,5-4,300
1704110400.0,5-5,520
1704110400.0,5-6,720
1704110400.0,5-7,680
1704110400.0,5-8,520
1704110400.0,5-9,720
1704110400.0,5-10,280
1704110400.0,13-0,520
1704110400.0,13-1,520
1704110400.0,13-2,300
1704110400.0,13-3,300
1704110400.0,13-4,300
1704110400.0,13-5,720
1704110400.0,13-6,480
1704110400.0,13-7,720
1704110400.0,13-8,300
1704110400.0,3-0,680
1704110400.0,3-1,300
1704110400.0,3-2,480
1704110400.0,3-3,3520
1704110400.0,3-4,480
1704110400.0,3-5,300
1704110400.0,3-6,520
1704110400.0,3-7,300
1704110400.0,3-8,300
1704111300.0,8-0,300
1704111300.0,8-1,480
1704111300.0,8-2,280
1704111300.0,8-3,480
1704111300.0,8-4,300
1704111300.0,8-5,680
1704111300.0,8-6,480
1704111300.0,11-0,280
1704111300.0,11-1,300
1704111300.0,11-2,300
1704111300.0,11-3,720
1704111300.0,11-4,480
1704111300.0,11-5,300
1704111300.0,11-6,480
1704111300.0,11-7,680
1704111300.0,11-8,300
1704111300.0,5-0,480
1704111300.0,5-1,320
1704111300.0,5-2,280
1704111300.0,5-3,300
1704111300.0,5-4,280
1704111300.0,5-5,480
1704111300.0,5-6,720
1704111300.0,5-7,760
1704111300.0,5-8,520
1704111300.0,5-9,680
1704111300.0,5-10,280
1704111300.0,13-0,520
1704111300.0,13-1,480
1704111300.0,13-2,300
1704111300.0,13-3,300
1704111300.0,13-4,300
1704111300.0,13-5,680
1704111300.0,13-6,480
1704111300.0,13-7,720
1704111300.0,13-8,320
1704111300.0,3-0,680
1704111300.0,3-1,300
1704111300.0,3-2,520
1704111300.0,3-3,3520
1704111300.0,3-4,480
1704111300.0,3-5,280
1704111300.0,3-6,480
1704111300.0,3-7,300
1704111300.0,3-8,300
1704112200.0,8-0,280
1704112200.0,8-1,520
1704112200.0,8-2,300
1704112200.0,8-3,480
1704112200.0,8-4,300
1704112200.0,8-5,680
1704112200.0,8-6,480
1704112200.0,11-0,300
1704112200.0,11-1,280
1704112200.0,11-2,280
1704112200.0,11-3,680
1704112200.0,11-4,480
1704112200.0,11-5,300
1704112200.0,11-6,480
1704112200.0,11-7,680
1704112200.0,11-8,300
1704112200.0,5-0,480
1704112200.0,5-1,300
1704112200.0,5-2,280
1704112200.0,5-3,280
1704112200.0,5-4,300
1704112200.0,5-5,480
1704112200.0,5-6,680
1704112200.0,5-7,680
1704112200.0,5-8,480
1704112200.0,5-9,720
1704112200.0,5-10,300
1704112200.0,13-0,480
1704112200.0,13-1,480
1704112200.0,13-2,300
1704112200.0,13-3,280
1704112200.0,13-4,300
1704112200.0,13-5,680
1704112200.0,13-6,480
1704112200.0,13-7,720
1704112200.0,13-8,300
1704112200.0,3-0,720
1704112200.0,3-1,280
1704112200.0,3-2,480
1704112200.0,3-3,2880
1704112200.0,3-4,480
1704112200.0,3-5,300
1704112200.0,3-6,480
1704112200.0,3-7,280
1704112200.0,3-8,300
1704113100.0,8-0,280
1704113100.0,8-1,440
1704113100.0,8-2,280
1704113100.0,8-3,440
1704113100.0,8-4,280
1704113100.0,8-5,680
1704113100.0,8-6,440
1704113100.0,11-0,260
1704113100.0,11-1,300
1704113100.0,11-2,280
1704113100.0,11-3,680
1704113100.0,11-4,480
1704113100.0,11-5,280
1704113100.0,11-6,440
1704113100.0,11-7,680
1704113100.0,11-8,300
1704113100.0,5-0,480
1704113100.0,5-1,300
1704113100.0,5-2,280
1704113100.0,5-3,280
1704113100.0,5-4,280
1704113100.0,5-5,440
1704113100.0,5-6,680
1704113100.0,5-7,720
1704113100.0,5-8,480
1704113100.0,5-9,680
1704113100.0,5-10,280
1704113100.0,13-0,480
1704113100.0,13-1,440
1704113100.0,13-2,280
1704113100.0,13-3,280
1704113100.0,13-4,280
1704113100.0,13-5,680
1704113100.0,13-6,480
1704113100.0,13-7,680
1704113100.0,13-8,280
1704113100.0,3-0,680
1704113100.0,3-1,280
1704113100.0,3-2,480
1704113100.0,3-3,2880
1704113100.0,3-4,480
1704113100.0,3-5,280
1704113100.0,3-6,480
1704113100.0,3-7,280
1704113100.0,3-8,280
1704114000.0,8-0,260
1704114000.0,8-1,440
1704114000.0,8-2,260
1704114000.0,8-3,440
1704114000.0,8-4,280
1704114000.0,8-5,680
1704114000.0,8-6,480
1704114000.0,11-0,280
1704114000.0,11-1,280
1704114000.0,11-2,280
1704114000.0,11-3,680
1704114000.0,11-4,440
1704114000.0,11-5,280
1704114000.0,11-6,440
1704114000.0,11-7,640
1704114000.0,11-8,280
1704114000.0,5-0,480
1704114000.0,5-1,280
1704114000.0,5-2,280
1704114000.0,5-3,260
1704114000.0,5-4,260
1704114000.0,5-5,440
1704114000.0,5-6,640
1704114000.0,5-7,680
1704114000.0,5-8,480
1704114000.0,5-9,680
1704114000.0,5-10,280
1704114000.0,13-0,440
1704114000.0,13-1,440
1704114000.0,13-2,280
1704114000.0,13-3,280
1704114000.0,13-4,280
1704114000.0,13-5,640
1704114000.0,13-6,440
1704114000.0,13-7,640
1704114000.0,13-8,280
1704114000.0,3-0,640
1704114000.0,3-1,260
1704114000.0,3-2,480
1704114000.0,3-3,2720
1704114000.0,3-4,480
1704114000.0,3-5,280
1704114000.0,3-6,480
1704114000.0,3-7,280
1704114000.0,3-8,280
1704114900.0,8-0,260
1704114900.0,8-1,440
1704114900.0,8-2,280
1704114900.0,8-3,440
1704114900.0,8-4,260
1704114900.0,8-5,640
1704114900.0,8-6,440
1704114900.0,11-0,280
1704114900.0,11-1,280
1704114900.0,11-2,280
1704114900.0,11-3,680
1704114900.0,11-4,400
1704114900.0,11-5,280
1704114900.0,11-6,440
1704114900.0,11-7,640
1704114900.0,11-8,280
1704114900.0,5-0,440
1704114900.0,5-1,280
1704114900.0,5-2,280
1704114900.0,5-3,260
1704114900.0,5-4,260
1704114900.0,5-5,440
1704114900.0,5-6,600
1704114900.0,5-7,600
1704114900.0,5-8,440
1704114900.0,5-9,600
1704114900.0,5-10,260
1704114900.0,13-0,440
1704114900.0,13-1,440
1704114900.0,13-2,260
1704114900.0,13-3,260
1704114900.0,13-4,260
1704114900.0,13-5,680
1704114900.0,13-6,440
1704114900.0,13-7,640
1704114900.0,13-8,260
1704114900.0,3-0,600
1704114900.0,3-1,280
1704114900.0,3-2,440
1704114900.0,3-3,2560
1704114900.0,3-4,440
1704114900.0,3-5,260
1704114900.0,3-6,440
1704114900.0,3-7,260
1704114900.0,3-8,260
1704115800.0,8-0,240
1704115800.0,8-1,440
1704115800.0,8-2,240
1704115800.0,8-3,440
1704115800.0,8-4,260
1704115800.0,8-5,640
1704115800.0,8-6,400
1704115800.0,11-0,260
1704115800.0,11-1,260
1704115800.0,11-2,260
1704115800.0,11-3,640
1704115800.0,11-4,440
1704115800.0,11-5,260
1704115800.0,11-6,440
1704115800.0,11-7,640
1704115800.0,11-8,260
1704115800.0,5-0,400
1704115800.0,5-1,240
1704115800.0,5-2,260
1704115800.0,5-3,260
1704115800.0,5-4,240
1704115800.0,5-5,440
1704115800.0,5-6,600
1704115800.0,5-7,600
1704115800.0,5-8,440
1704115800.0,5-9,640
1704115800.0,5-10,260
1704115800.0,13-0,400
1704115800.0,13-1,440
1704115800.0,13-2,260
1704115800.0,13-3,260
1704115800.0,13-4,260
1704115800.0,13-5,640
1704115800.0,13-6,440
1704115800.0,13-7,640
1704115800.0,13-8,240
1704115800.0,3-0,600
1704115800.0,3-1,240
1704115800.0,3-2,440
1704115800.0,3-3,2720
1704115800.0,3-4,400
1704115800.0,3-5,260
1704115800.0,3-6,440
1704115800.0,3-7,260
1704115800.0,3-8,260
1704116700.0,8-0,240
1704116700.0,8-1,400
1704116700.0,8-2,260
1704116700.0,8-3,440
1704116700.0,8-4,240
1704116700.0,8-5,560
1704116700.0,8-6,400
1704116700.0,11-0,240
1704116700.0,11-1,240
1704116700.0,11-2,260
1704116700.0,11-3,640
1704116700.0,11-4,400
1704116700.0,11-5,260
1704116700.0,11-6,440
1704116700.0,11-7,600
1704116700.0,11-8,240
1704116700.0,5-0,400
1704116700.0,5-1,260
1704116700.0,5-2,260
1704116700.0,5-3,260
1704116700.0,5-4,260
1704116700.0,5-5,400
1704116700.0,5-6,600
1704116700.0,5-7,640
1704116700.0,5-8,400
1704116700.0,5-9,600
1704116700.0,5-10,240
1704116700.0,13-0,400
1704116700.0,13-1,400
1704116700.0,13-2,260
1704116700.0,13-3,260
1704116700.0,13-4,240
1704116700.0,13-5,600
1704116700.0,13-6,400
1704116700.0,13-7,600
1704116700.0,13-8,260
1704116700.0,3-0,600
1704116700.0,3-1,260
1704116700.0,3-2,440
1704116700.0,3-3,2880
1704116700.0,3-4,400
1704116700.0,3-5,260
1704116700.0,3-6,440
1704116700.0,3-7,260
1704116700.0,3-8,260
1704117600.0,8-0,240
1704117600.0,8-1,440
1704117600.0,8-2,240
1704117600.0,8-3,400
1704117600.0,8-4,240
1704117600.0,8-5,600
1704117600.0,8-6,440
1704117600.0,11-0,240
1704117600.0,11-1,240
1704117600.0,11-2,260
1704117600.0,11-3,560
1704117600.0,11-4,400
1704117600.0,11-5,260
1704117600.0,11-6,380
1704117600.0,11-7,600
1704117600.0,11-8,260
1704117600.0,5-0,400
1704117600.0,5-1,240
1704117600.0,5-2,240
1704117600.0,5-3,260
1704117600.0,5-4,260
1704117600.0,5-5,400
1704117600.0,5-6,600
1704117600.0,5-7,560
1704117600.0,5-8,400
1704117600.0,5-9,600
1704117600.0,5-10,260
1704117600.0,13-0,400
1704117600.0,13-1,400
1704117600.0,13-2,240
1704117600.0,13-3,240
1704117600.0,13-4,260
1704117600.0,13-5,600
1704117600.0,13-6,400
1704117600.0,13-7,560
1704117600.0,13-8,240
1704117600.0,3-0,560
1704117600.0,3-1,240
1704117600.0,3-2,400
1704117600.0,3-3,3040
1704117600.0,3-4,400
1704117600.0,3-5,240
1704117600.0,3-6,400
1704117600.0,3-7,260
1704117600.0,3-8,240
1704118500.0,8-0,240
1704118500.0,8-1,400
1704118500.0,8-2,240
1704118500.0,8-3,400
1704118500.0,8-4,240
1704118500.0,8-5,560
1704118500.0,8-6,400
1704118500.0,11-0,220
1704118500.0,11-1,240
1704118500.0,11-2,220
1704118500.0,11-3,600
1704118500.0,11-4,400
1704118500.0,11-5,240
1704118500.0,11-6,380
1704118500.0,11-7,560
1704118500.0,11-8,240
1704118500.0,5-0,400
1704118500.0,5-1,240
1704118500.0,5-2,240
1704118500.0,5-3,240
1704118500.0,5-4,240
1704118500.0,5-5,400
1704118500.0,5-6,560
1704118500.0,5-7,560
1704118500.0,5-8,400
1704118500.0,5-9,560
1704118500.0,5-10,240
1704118500.0,13-0,400
1704118500.0,13-1,400
1704118500.0,13-2,240
1704118500.0,13-3,220
1704118500.0,13-4,240
1704118500.0,13-5,560
1704118500.0,13-6,400
1704118500.0,13-7,560
1704118500.0,13-8,240
1704118500.0,3-0,600
1704118500.0,3-1,240
1704118500.0,3-2,380
1704118500.0,3-3,3200
1704118500.0,3-4,380
1704118500.0,3-5,240
1704118500.0,3-6,400
1704118500.0,3-7,240
1704118500.0,3-8,240
1704119400.0,8-0,240
1704119400.0,8-1,400
1704119400.0,8-2,240
1704119400.0,8-3,360
1704119400.0,8-4,240
1704119400.0,8-5,560
1704119400.0,8-6,400
1704119400.0,11-0,240
1704119400.0,11-1,220
1704119400.0,11-2,240
1704119400.0,11-3,560
1704119400.0,11-4,400
1704119400.0,11-5,240
1704119400.0,11-6,380
1704119400.0,11-7,560
1704119400.0,11-8,220
1704119400.0,5-0,400
1704119400.0,5-1,240
1704119400.0,5-2,220
1704119400.0,5-3,240
1704119400.0,5-4,240
1704119400.0,5-5,380
1704119400.0,5-6,560
1704119400.0,5-7,560
1704119400.0,5-8,360
1704119400.0,5-9,560
1704119400.0,5-10,240
1704119400.0,13-0,380
1704119400.0,13-1,380
1704119400.0,13-2,240
1704119400.0,13-3,240
1704119400.0,13-4,240
1704119400.0,13-5,560
1704119400.0,13-6,380
1704119400.0,13-7,520
1704119400.0,13-8,240
1704119400.0,3-0,560
1704119400.0,3-1,240
1704119400.0,3-2,380
1704119400.0,3-3,3520
1704119400.0,3-4,400
1704119400.0,3-5,220
1704119400.0,3-6,380
1704119400.0,3-7,240
1704119400.0,3-8,220
1704120300.0,8-0,220
1704120300.0,8-1,380
1704120300.0,8-2,240
1704120300.0,8-3,360
1704120300.0,8-4,220
1704120300.0,8-5,520
1704120300.0,8-6,380
1704120300.0,11-0,220
1704120300.0,11-1,220
1704120300.0,11-2,220
1704120300.0,11-3,560
1704120300.0,11-4,380
1704120300.0,11-5,240
1704120300.0,11-6,360
1704120300.0,11-7,560
1704120300.0,11-8,240
1704120300.0,5-0,380
1704120300.0,5-1,240
1704120300.0,5-2,240
1704120300.0,5-3,220
1704120300.0,5-4,220
1704120300.0,5-5,380
1704120300.0,5-6,560
1704120300.0,5-7,560
1704120300.0,5-8,360
1704120300.0,5-9,560
1704120300.0,5-10,220
1704120300.0,13-0,380
1704120300.0,13-1,380
1704120300.0,13-2,220
1704120300.0,13-3,220
1704120300.0,13-4,240
1704120300.0,13-5,520
1704120300.0,13-6,380
1704120300.0,13-7,520
1704120300.0,13-8,220
1704120300.0,3-0,520
1704120300.0,3-1,220
1704120300.0,3-2,380
1704120300.0,3-3,3840
1704120300.0,3-4,380
1704120300.0,3-5,220
1704120300.0,3-6,360
1704120300.0,3-7,220
1704120300.0,3-8,220
1704121200.0,8-0,240
1704121200.0,8-1,380
1704121200.0,8-2,240
1704121200.0,8-3,400
1704121200.0,8-4,220
1704121200.0,8-5,560
1704121200.0,8-6,360
1704121200.0,11-0,220
1704121200.0,11-1,220
1704121200.0,11-2,240
1704121200.0,11-3,520
1704121200.0,11-4,360
1704121200.0,11-5,240
1704121200.0,11-6,360
1704121200.0,11-7,520
1704121200.0,11-8,240
1704121200.0,5-0,360
1704121200.0,5-1,220
1704121200.0,5-2,240
1704121200.0,5-3,220
1704121200.0,5-4,220
1704121200.0,5-5,380
1704121200.0,5-6,560
1704121200.0,5-7,520
1704121200.0,5-8,380
1704121200.0,5-9,520
1704121200.0,5-10,220
1704121200.0,13-0,360
1704121200.0,13-1,380
1704121200.0,13-2,220
1704121200.0,13-3,220
1704121200.0,13-4,220
1704121200.0,13-5,520
1704121200.0,13-6,380
1704121200.0,13-7,520
1704121200.0,13-8,220
1704121200.0,3-0,520
1704121200.0,3-1,220
1704121200.0,3-2,380
1704121200.0,3-3,3840
1704121200.0,3-4,360
1704121200.0,3-5,240
1704121200.0,3-6,360
1704121200.0,3-7,220
1704121200.0,3-8,240
1704122100.0,8-0,220
1704122100.0,8-1,380
1704122100.0,8-2,220
1704122100.0,8-3,380
1704122100.0,8-4,220
1704122100.0,8-5,520
1704122100.0,8-6,380
1704122100.0,11-0,220
1704122100.0,11-1,240
1704122100.0,11-2,220
1704122100.0,11-3,520
1704122100.0,11-4,360
1704122100.0,11-5,220
1704122100.0,11-6,360
1704122100.0,11-7,560
1704122100.0,11-8,240
1704122100.0,5-0,380
1704122100.0,5-1,220
1704122100.0,5-2,220
1704122100.0,5-3,220
1704122100.0,5-4,240
1704122100.0,5-5,380
1704122100.0,5-6,520
1704122100.0,5-7,560
1704122100.0,5-8,380
1704122100.0,5-9,560
1704122100.0,5-10,220
1704122100.0,13-0,360
1704122100.0,13-1,360
1704122100.0,13-2,220
1704122100.0,13-3,220
1704122100.0,13-4,220
1704122100.0,13-5,560
1704122100.0,13-6,380
1704122100.0,13-7,520
1704122100.0,13-8,220
1704122100.0,3-0,560
1704122100.0,3-1,220
1704122100.0,3-2,380
1704122100.0,3-3,3840
1704122100.0,3-4,380
1704122100.0,3-5,240
1704122100.0,3-6,360
1704122100.0,3-7,240
1704122100.0,3-8,240
1704123000.0,8-0,240
1704123000.0,8-1,380
1704123000.0,8-2,220
1704123000.0,8-3,380
1704123000.0,8-4,240
1704123000.0,8-5,560
1704123000.0,8-6,400
1704123000.0,11-0,220
1704123000.0,11-1,220
1704123000.0,11-2,240
1704123000.0,11-3,560
1704123000.0,11-4,380
1704123000.0,11-5,220
1704123000.0,11-6,380
1704123000.0,11-7,520
1704123000.0,11-8,220
1704123000.0,5-0,360
1704123000.0,5-1,220
1704123000.0,5-2,220
1704123000.0,5-3,240
1704123000.0,5-4,220
1704123000.0,5-5,380
1704123000.0,5-6,520
1704123000.0,5-7,560
1704123000.0,5-8,380
1704123000.0,5-9,520
1704123000.0,5-10,240
1704123000.0,13-0,360
1704123000.0,13-1,380
1704123000.0,13-2,220
1704123000.0,13-3,220
1704123000.0,13-4,220
1704123000.0,13-5,520
1704123000.0,13-6,380
1704123000.0,13-7,560
1704123000.0,13-8,240
1704123000.0,3-0,520
1704123000.0,3-1,220
1704123000.0,3-2,400
1704123000.0,3-3,3840
1704123000.0,3-4,360
1704123000.0,3-5,240
1704123000.0,3-6,380
1704123000.0,3-7,220
1704123000.0,3-8,240
1704123900.0,8-0,240
1704123900.0,8-1,400
1704123900.0,8-2,220
1704123900.0,8-3,380
1704123900.0,8-4,240
1704123900.0,8-5,560
1704123900.0,8-6,380
1704123900.0,11-0,220
1704123900.0,11-1,220
1704123900.0,11-2,240
1704123900.0,11-3,560
1704123900.0,11-4,380
1704123900.0,11-5,240
1704123900.0,11-6,380
1704123900.0,11-7,560
1704123900.0,11-8,240
1704123900.0,5-0,380
1704123900.0,5-1,240
1704123900.0,5-2,240
1704123900.0,5-3,240
1704123900.0,5-4,240
1704123900.0,5-5,400
1704123900.0,5-6,560
1704123900.0,5-7,560
1704123900.0,5-8,400
1704123900.0,5-9,600
1704123900.0,5-10,240
1704123900.0,13-0,400
1704123900.0,13-1,380
1704123900.0,13-2,220
1704123900.0,13-3,220
1704123900.0,13-4,240
1704123900.0,13-5,520
1704123900.0,13-6,360
1704123900.0,13-7,560
1704123900.0,13-8,220
1704123900.0,3-0,560
1704123900.0,3-1,240
1704123900.0,3-2,400
1704123900.0,3-3,3840
1704123900.0,3-4,380
1704123900.0,3-5,240
1704123900.0,3-6,380
1704123900.0,3-7,220
1704123900.0,3-8,240
1704124800.0,8-0,240
1704124800.0,8-1,400
1704124800.0,8-2,240
1704124800.0,8-3,400
1704124800.0,8-4,240
1704124800.0,8-5,600
1704124800.0,8-6,400
1704124800.0,11-0,240
1704124800.0,11-1,240
1704124800.0,11-2,240
1704124800.0,11-3,560
1704124800.0,11-4,380
1704124800.0,11-5,260
1704124800.0,11-6,400
1704124800.0,11-7,600
1704124800.0,11-8,240
1704124800.0,5-0,380
1704124800.0,5-1,240
1704124800.0,5-2,240
1704124800.0,5-3,260
1704124800.0,5-4,240
1704124800.0,5-5,400
1704124800.0,5-6,600
1704124800.0,5-7,560
1704124800.0,5-8,400
1704124800.0,5-9,600
1704124800.0,5-10,240
1704124800.0,13-0,400
1704124800.0,13-1,400
1704124800.0,13-2,240
1704124800.0,13-3,240
1704124800.0,13-4,260
1704124800.0,13-5,560
1704124800.0,13-6,400
1704124800.0,13-7,560
1704124800.0,13-8,240
1704124800.0,3-0,600
1704124800.0,3-1,240
1704124800.0,3-2,400
1704124800.0,3-3,3840
1704124800.0,3-4,400
1704124800.0,3-5,240
1704124800.0,3-6,380
1704124800.0,3-7,240
1704124800.0,3-8,240
1704125700.0,8-0,240
1704125700.0,8-1,440
1704125700.0,8-2,260
1704125700.0,8-3,400
1704125700.0,8-4,240
1704125700.0,8-5,640
1704125700.0,8-6,440
1704125700.0,11-0,240
1704125700.0,11-1,260
1704125700.0,11-2,260
1704125700.0,11-3,640
1704125700.0,11-4,440
1704125700.0,11-5,240
1704125700.0,11-6,400
1704125700.0,11-7,640
1704125700.0,11-8,260
1704125700.0,5-0,400
1704125700.0,5-1,260
1704125700.0,5-2,260
1704125700.0,5-3,260
1704125700.0,5-4,260
1704125700.0,5-5,400
1704125700.0,5-6,600
1704125700.0,5-7,640
1704125700.0,5-8,400
1704125700.0,5-9,640
1704125700.0,5-10,260
1704125700.0,13-0,440
1704125700.0,13-1,400
1704125700.0,13-2,260
1704125700.0,13-3,260
1704125700.0,13-4,260
1704125700.0,13-5,600
1704125700.0,13-6,440
1704125700.0,13-7,600
1704125700.0,13-8,260
1704125700.0,3-0,640
1704125700.0,3-1,260
1704125700.0,3-2,440
1704125700.0,3-3,4160
1704125700.0,3-4,440
1704125700.0,3-5,260
1704125700.0,3-6,440
1704125700.0,3-7,260
1704125700.0,3-8,260
1704126600.0,8-0,280
1704126600.0,8-1,440
1704126600.0,8-2,260
1704126600.0,8-3,440
1704126600.0,8-4,280
1704126600.0,8-5,680
1704126600.0,8-6,440
1704126600.0,11-0,260
1704126600.0,11-1,280
1704126600.0,11-2,280
1704126600.0,11-3,640
1704126600.0,11-4,440
1704126600.0,11-5,260
1704126600.0,11-6,440
1704126600.0,11-7,640
1704126600.0,11-8,280
1704126600.0,5-0,440
1704126600.0,5-1,280
1704126600.0,5-2,260
1704126600.0,5-3,280
1704126600.0,5-4,280
1704126600.0,5-5,480
1704126600.0,5-6,640
1704126600.0,5-7,640
1704126600.0,5-8,480
1704126600.0,5-9,640
1704126600.0,5-10,280
1704126600.0,13-0,440
1704126600.0,13-1,440
1704126600.0,13-2,260
1704126600.0,13-3,260
1704126600.0,13-4,280
1704126600.0,13-5,640
1704126600.0,13-6,440
1704126600.0,13-7,680
1704126600.0,13-8,280
1704126600.0,3-0,680
1704126600.0,3-1,260
1704126600.0,3-2,480
1704126600.0,3-3,4160
1704126600.0,3-4,440
1704126600.0,3-5,280
1704126600.0,3-6,440
1704126600.0,3-7,280
1704126600.0,3-8,280
1704127500.0,8-0,280
1704127500.0,8-1,520
1704127500.0,8-2,300
1704127500.0,8-3,480
1704127500.0,8-4,300
1704127500.0,8-5,720
1704127500.0,8-6,480
1704127500.0,11-0,300
1704127500.0,11-1,280
1704127500.0,11-2,280
1704127500.0,11-3,720
1704127500.0,11-4,480
1704127500.0,11-5,280
1704127500.0,11-6,480
1704127500.0,11-7,720
1704127500.0,11-8,300
1704127500.0,5-0,480
1704127500.0,5-1,300
1704127500.0,5-2,280
1704127500.0,5-3,300
1704127500.0,5-4,280
1704127500.0,5-5,480
1704127500.0,5-6,720
1704127500.0,5-7,720
1704127500.0,5-8,480
1704127500.0,5-9,720
1704127500.0,5-10,280
1704127500.0,13-0,480
1704127500.0,13-1,480
1704127500.0,13-2,300
1704127500.0,13-3,300
1704127500.0,13-4,300
1704127500.0,13-5,680
1704127500.0,13-6,520
1704127500.0,13-7,720
1704127500.0,13-8,300
1704127500.0,3-0,720
1704127500.0,3-1,300
1704127500.0,3-2,480
1704127500.0,3-3,4160
1704127500.0,3-4,520
1704127500.0,3-5,300
1704127500.0,3-6,480
1704127500.0,3-7,280
1704127500.0,3-8,300
1704128400.0,8-0,320
1704128400.0,8-1,520
1704128400.0,8-2,300
1704128400.0,8-3,520
1704128400.0,8-4,320
1704128400.0,8-5,760
1704128400.0,8-6,520
1704128400.0,11-0,300
1704128400.0,11-1,320
1704128400.0,11-2,320
1704128400.0,11-3,760
1704128400.0,11-4,520
1704128400.0,11-5,320
1704128400.0,11-6,560
1704128400.0,11-7,720
1704128400.0,11-8,300
1704128400.0,5-0,520
1704128400.0,5-1,300
1704128400.0,5-2,300
1704128400.0,5-3,320
1704128400.0,5-4,320
1704128400.0,5-5,520
1704128400.0,5-6,760
1704128400.0,5-7,760
1704128400.0,5-8,480
1704128400.0,5-9,760
1704128400.0,5-10,320
1704128400.0,13-0,480
1704128400.0,13-1,560
1704128400.0,13-2,320
1704128400.0,13-3,320
1704128400.0,13-4,320
1704128400.0,13-5,760
1704128400.0,13-6,520
1704128400.0,13-7,720
1704128400.0,13-8,300
1704128400.0,3-0,800
1704128400.0,3-1,300
1704128400.0,3-2,520
1704128400.0,3-3,3840
1704128400.0,3-4,480
1704128400.0,3-5,320
1704128400.0,3-6,520
1704128400.0,3-7,320
1704128400.0,3-8,320
1704129300.0,8-0,340
1704129300.0,8-1,560
1704129300.0,8-2,340
1704129300.0,8-3,520
1704129300.0,8-4,320
1704129300.0,8-5,880
1704129300.0,8-6,560
1704129300.0,11-0,320
1704129300.0,11-1,320
1704129300.0,11-2,340
1704129300.0,11-3,800
1704129300.0,11-4,520
1704129300.0,11-5,320
1704129300.0,11-6,560
1704129300.0,11-7,800
1704129300.0,11-8,340
1704129300.0,5-0,560
1704129300.0,5-1,320
1704129300.0,5-2,340
1704129300.0,5-3,340
1704129300.0,5-4,320
1704129300.0,5-5,560
1704129300.0,5-6,880
1704129300.0,5-7,800
1704129300.0,5-8,560
1704129300.0,5-9,800
1704129300.0,5-10,320
1704129300.0,13-0,560
1704129300.0,13-1,520
1704129300.0,13-2,320
1704129300.0,13-3,340
1704129300.0,13-4,340
1704129300.0,13-5,800
1704129300.0,13-6,560
1704129300.0,13-7,800
1704129300.0,13-8,320
1704129300.0,3-0,800
1704129300.0,3-1,360
1704129300.0,3-2,520
1704129300.0,3-3,3840
1704129300.0,3-4,560
1704129300.0,3-5,360
1704129300.0,3-6,560
1704129300.0,3-7,340
1704129300.0,3-8,360
1704130200.0,8-0,360
1704130200.0,8-1,560
1704130200.0,8-2,360
1704130200.0,8-3,600
1704130200.0,8-4,380
1704130200.0,8-5,880
1704130200.0,8-6,600
1704130200.0,11-0,380
1704130200.0,11-1,340
1704130200.0,11-2,360
1704130200.0,11-3,880
1704130200.0,11-4,600
1704130200.0,11-5,340
1704130200.0,11-6,600
1704130200.0,11-7,880
1704130200.0,11-8,360
1704130200.0,5-0,600
1704130200.0,5-1,340
1704130200.0,5-2,380
1704130200.0,5-3,360
1704130200.0,5-4,340
1704130200.0,5-5,600
1704130200.0,5-6,880
1704130200.0,5-7,880
1704130200.0,5-8,600
1704130200.0,5-9,800
1704130200.0,5-10,360
1704130200.0,13-0,560
1704130200.0,13-1,600
1704130200.0,13-2,380
1704130200.0,13-3,360
1704130200.0,13-4,360
1704130200.0,13-5,800
1704130200.0,13-6,600
1704130200.0,13-7,880
1704130200.0,13-8,380
1704130200.0,3-0,880
1704130200.0,3-1,340
1704130200.0,3-2,560
1704130200.0,3-3,3520
1704130200.0,3-4,600
1704130200.0,3-5,360
1704130200.0,3-6,600
1704130200.0,3-7,380
1704130200.0,3-8,360
1704131100.0,8-0,400
1704131100.0,8-1,600
1704131100.0,8-2,400
1704131100.0,8-3,640
1704131100.0,8-4,380
1704131100.0,8-5,960
1704131100.0,8-6,600
1704131100.0,11-0,360
1704131100.0,11-1,400
1704131100.0,11-2,380
1704131100.0,11-3,880
1704131100.0,11-4,600
1704131100.0,11-5,380
1704131100.0,11-6,640
1704131100.0,11-7,880
1704131100.0,11-8,380
1704131100.0,5-0,600
1704131100.0,5-1,380
1704131100.0,5-2,360
1704131100.0,5-3,380
1704131100.0,5-4,400
1704131100.0,5-5,640
1704131100.0,5-6,880
1704131100.0,5-7,960
1704131100.0,5-8,640
1704131100.0,5-9,880
1704131100.0,5-10,360
1704131100.0,13-0,600
1704131100.0,13-1,640
1704131100.0,13-2,380
1704131100.0,13-3,380
1704131100.0,13-4,400
1704131100.0,13-5,880
1704131100.0,13-6,640
1704131100.0,13-7,880
1704131100.0,13-8,400
1704131100.0,3-0,960
1704131100.0,3-1,380
1704131100.0,3-2,600
1704131100.0,3-3,3520
1704131100.0,3-4,640
1704131100.0,3-5,380
1704131100.0,3-6,600
1704131100.0,3-7,380
1704131100.0,3-8,400
1704132000.0,8-0,380
1704132000.0,8-1,640
1704132000.0,8-2,380
1704132000.0,8-3,640
1704132000.0,8-4,400
1704132000.0,8-5,960
1704132000.0,8-6,640
1704132000.0,11-0,400
1704132000.0,11-1,380
1704132000.0,11-2,400
1704132000.0,11-3,960
1704132000.0,11-4,680
1704132000.0,11-5,400
1704132000.0,11-6,640
1704132000.0,11-7,880
1704132000.0,11-8,400
1704132000.0,5-0,640
1704132000.0,5-1,400
1704132000.0,5-2,380
1704132000.0,5-3,380
1704132000.0,5-4,400
1704132000.0,5-5,640
1704132000.0,5-6,960
1704132000.0,5-7,960
1704132000.0,5-8,640
1704132000.0,5-9,960
1704132000.0,5-10,400
1704132000.0,13-0,680
1704132000.0,13-1,640
1704132000.0,13-2,400
1704132000.0,13-3,400
1704132000.0,13-4,400
1704132000.0,13-5,960
1704132000.0,13-6,680
1704132000.0,13-7,880
1704132000.0,13-8,400
1704132000.0,3-0,960
1704132000.0,3-1,380
1704132000.0,3-2,680
1704132000.0,3-3,3200
1704132000.0,3-4,640
1704132000.0,3-5,380
1704132000.0,3-6,640
1704132000.0,3-7,400
1704132000.0,3-8,380
1704132900.0,8-0,400
1704132900.0,8-1,640
1704132900.0,8-2,440
1704132900.0,8-3,680
1704132900.0,8-4,400
1704132900.0,8-5,960
1704132900.0,8-6,640
1704132900.0,11-0,400
1704132900.0,11-1,440
1704132900.0,11-2,440
1704132900.0,11-3,960
1704132900.0,11-4,640
1704132900.0,11-5,440
1704132900.0,11-6,720
1704132900.0,11-7,960
1704132900.0,11-8,400
1704132900.0,5-0,640
1704132900.0,5-1,400
1704132900.0,5-2,440
1704132900.0,5-3,380
1704132900.0,5-4,440
1704132900.0,5-5,680
1704132900.0,5-6,960
1704132900.0,5-7,1040
1704132900.0,5-8,680
1704132900.0,5-9,960
1704132900.0,5-10,400
1704132900.0,13-0,680
1704132900.0,13-1,680
1704132900.0,13-2,440
1704132900.0,13-3,440
1704132900.0,13-4,440
1704132900.0,13-5,1040
1704132900.0,13-6,680
1704132900.0,13-7,960
1704132900.0,13-8,440
1704132900.0,3-0,960
1704132900.0,3-1,400
1704132900.0,3-2,680
1704132900.0,3-3,3040
1704132900.0,3-4,680
1704132900.0,3-5,400
1704132900.0,3-6,640
1704132900.0,3-7,380
1704132900.0,3-8,400
1704133800.0,8-0,400
1704133800.0,8-1,680
1704133800.0,8-2,400
1704133800.0,8-3,720
1704133800.0,8-4,400
1704133800.0,8-5,1040
1704133800.0,8-6,680
1704133800.0,11-0,400
1704133800.0,11-1,400
1704133800.0,11-2,400
1704133800.0,11-3,1040
1704133800.0,11-4,720
1704133800.0,11-5,440
1704133800.0,11-6,640
1704133800.0,11-7,960
1704133800.0,11-8,440
1704133800.0,5-0,680
1704133800.0,5-1,400
1704133800.0,5-2,440
1704133800.0,5-3,440
1704133800.0,5-4,440
1704133800.0,5-5,680
1704133800.0,5-6,1040
1704133800.0,5-7,960
1704133800.0,5-8,680
1704133800.0,5-9,1040
1704133800.0,5-10,400
1704133800.0,13-0,680
1704133800.0,13-1,680
1704133800.0,13-2,400
1704133800.0,13-3,400
1704133800.0,13-4,400
1704133800.0,13-5,1040
1704133800.0,13-6,680
1704133800.0,13-7,960
1704133800.0,13-8,440
1704133800.0,3-0,960
1704133800.0,3-1,400
1704133800.0,3-2,720
1704133800.0,3-3,2720
1704133800.0,3-4,720
1704133800.0,3-5,400
1704133800.0,3-6,680
1704133800.0,3-7,400
1704133800.0,3-8,440
1704134700.0,8-0,440
1704134700.0,8-1,720
1704134700.0,8-2,400
1704134700.0,8-3,680
1704134700.0,8-4,400
1704134700.0,8-5,960
1704134700.0,8-6,680
1704134700.0,11-0,400
1704134700.0,11-1,400
1704134700.0,11-2,440
1704134700.0,11-3,960
1704134700.0,11-4,720
1704134700.0,11-5,440
1704134700.0,11-6,680
1704134700.0,11-7,1040
1704134700.0,11-8,400
1704134700.0,5-0,680
1704134700.0,5-1,440
1704134700.0,5-2,440
1704134700.0,5-3,440
1704134700.0,5-4,440
1704134700.0,5-5,680
1704134700.0,5-6,1040
1704134700.0,5-7,960
1704134700.0,5-8,720
1704134700.0,5-9,1040
1704134700.0,5-10,440
1704134700.0,13-0,720
1704134700.0,13-1,720
1704134700.0,13-2,400
1704134700.0,13-3,400
1704134700.0,13-4,400
1704134700.0,13-5,1040
1704134700.0,13-6,680
1704134700.0,13-7,1040
1704134700.0,13-8,400
1704134700.0,3-0,960
1704134700.0,3-1,440
1704134700.0,3-2,680
1704134700.0,3-3,2240
1704134700.0,3-4,680
1704134700.0,3-5,440
1704134700.0,3-6,680
1704134700.0,3-7,440
1704134700.0,3-8,400
1704135600.0,8-0,400
1704135600.0,8-1,640
1704135600.0,8-2,400
1704135600.0,8-3,640
1704135600.0,8-4,400
1704135600.0,8-5,960
1704135600.0,8-6,680
1704135600.0,11-0,400
1704135600.0,11-1,440
1704135600.0,11-2,400
1704135600.0,11-3,1040
1704135600.0,11-4,680
1704135600.0,11-5,400
1704135600.0,11-6,680
1704135600.0,11-7,1040
1704135600.0,11-8,400
1704135600.0,5-0,680
1704135600.0,5-1,400
1704135600.0,5-2,400
1704135600.0,5-3,440
1704135600.0,5-4,400
1704135600.0,5-5,640
1704135600.0,5-6,960
1704135600.0,5-7,960
1704135600.0,5-8,640
1704135600.0,5-9,1040
1704135600.0,5-10,400
1704135600.0,13-0,680
1704135600.0,13-1,640
1704135600.0,13-2,440
1704135600.0,13-3,400
1704135600.0,13-4,400
1704135600.0,13-5,960
1704135600.0,13-6,720
1704135600.0,13-7,960
1704135600.0,13-8,400
1704135600.0,3-0,1040
1704135600.0,3-1,440
1704135600.0,3-2,680
1704135600.0,3-3,2240
1704135600.0,3-4,720
1704135600.0,3-5,400
1704135600.0,3-6,680
1704135600.0,3-7,400
1704135600.0,3-8,440
1704136500.0,8-0,380
1704136500.0,8-1,680
1704136500.0,8-2,400
1704136500.0,8-3,640
1704136500.0,8-4,400
1704136500.0,8-5,960
1704136500.0,8-6,680
1704136500.0,11-0,400
1704136500.0,11-1,400
1704136500.0,11-2,400
1704136500.0,11-3,960
1704136500.0,11-4,680
1704136500.0,11-5,400
1704136500.0,11-6,640
1704136500.0,11-7,960
1704136500.0,11-8,400
1704136500.0,5-0,680
1704136500.0,5-1,400
1704136500.0,5-2,380
1704136500.0,5-3,400
1704136500.0,5-4,400
1704136500.0,5-5,640
1704136500.0,5-6,960
1704136500.0,5-7,960
1704136500.0,5-8,680
1704136500.0,5-9,960
1704136500.0,5-10,400
1704136500.0,13-0,640
1704136500.0,13-1,640
1704136500.0,13-2,400
1704136500.0,13-3,400
1704136500.0,13-4,400
1704136500.0,13-5,960
1704136500.0,13-6,640
1704136500.0,13-7,960
1704136500.0,13-8,400
1704136500.0,3-0,960
1704136500.0,3-1,400
1704136500.0,3-2,640
1704136500.0,3-3,2080
1704136500.0,3-4,640
1704136500.0,3-5,400
1704136500.0,3-6,640
1704136500.0,3-7,400
1704136500.0,3-8,400
1704137400.0,8-0,360
1704137400.0,8-1,640
1704137400.0,8-2,400
1704137400.0,8-3,640
1704137400.0,8-4,400
1704137400.0,8-5,880
1704137400.0,8-6,600
1704137400.0,11-0,400
1704137400.0,11-1,380
1704137400.0,11-2,380
1704137400.0,11-3,880
1704137400.0,11-4,640
1704137400.0,11-5,380
1704137400.0,11-6,600
1704137400.0,11-7,880
1704137400.0,11-8,380
1704137400.0,5-0,640
1704137400.0,5-1,380
1704137400.0,5-2,380
1704137400.0,5-3,360
1704137400.0,5-4,400
1704137400.0,5-5,600
1704137400.0,5-6,960
1704137400.0,5-7,960
1704137400.0,5-8,640
1704137400.0,5-9,880
1704137400.0,5-10,400
1704137400.0,13-0,600
1704137400.0,13-1,640
1704137400.0,13-2,360
1704137400.0,13-3,400
1704137400.0,13-4,380
1704137400.0,13-5,880
1704137400.0,13-6,640
1704137400.0,13-7,960
1704137400.0,13-8,360
1704137400.0,3-0,960
1704137400.0,3-1,380
1704137400.0,3-2,640
1704137400.0,3-3,1920
1704137400.0,3-4,600
1704137400.0,3-5,400
1704137400.0,3-6,640
1704137400.0,3-7,380
1704137400.0,3-8,400
1704138300.0,8-0,360
1704138300.0,8-1,560
1704138300.0,8-2,380
1704138300.0,8-3,600
1704138300.0,8-4,380
1704138300.0,8-5,880
1704138300.0,8-6,560
1704138300.0,11-0,360
1704138300.0,11-1,360
1704138300.0,11-2,360
1704138300.0,11-3,880
1704138300.0,11-4,600
1704138300.0,11-5,380
1704138300.0,11-6,600
1704138300.0,11-7,880
1704138300.0,11-8,360
1704138300.0,5-0,600
1704138300.0,5-1,380
1704138300.0,5-2,340
1704138300.0,5-3,360
1704138300.0,5-4,360
1704138300.0,5-5,600
1704138300.0,5-6,880
1704138300.0,5-7,800
1704138300.0,5-8,600
1704138300.0,5-9,880
1704138300.0,5-10,340
1704138300.0,13-0,600
1704138300.0,13-1,600
1704138300.0,13-2,360
1704138300.0,13-3,340
1704138300.0,13-4,360
1704138300.0,13-5,880
1704138300.0,13-6,600
1704138300.0,13-7,880
1704138300.0,13-8,360
1704138300.0,3-0,800
1704138300.0,3-1,340
1704138300.0,3-2,600
1704138300.0,3-3,1920
1704138300.0,3-4,640
1704138300.0,3-5,360
1704138300.0,3-6,600
1704138300.0,3-7,360
1704138300.0,3-8,380
1704139200.0,8-0,340
1704139200.0,8-1,560
1704139200.0,8-2,340
1704139200.0,8-3,560
1704139200.0,8-4,340
1704139200.0,8-5,800
1704139200.0,8-6,560
1704139200.0,11-0,340
1704139200.0,11-1,360
1704139200.0,11-2,340
1704139200.0,11-3,800
1704139200.0,11-4,560
1704139200.0,11-5,340
1704139200.0,11-6,560
1704139200.0,11-7,880
1704139200.0,11-8,340
1704139200.0,5-0,560
1704139200.0,5-1,340
1704139200.0,5-2,340
1704139200.0,5-3,340
1704139200.0,5-4,340
1704139200.0,5-5,560
1704139200.0,5-6,800
1704139200.0,5-7,800
1704139200.0,5-8,560
1704139200.0,5-9,880
1704139200.0,5-10,320
1704139200.0,13-0,600
1704139200.0,13-1,600
1704139200.0,13-2,340
1704139200.0,13-3,360
1704139200.0,13-4,340
1704139200.0,13-5,880
1704139200.0,13-6,560
1704139200.0,13-7,800
1704139200.0,13-8,340
1704139200.0,3-0,800
1704139200.0,3-1,340
1704139200.0,3-2,560
1704139200.0,3-3,1760
1704139200.0,3-4,560
1704139200.0,3-5,360
1704139200.0,3-6,560
1704139200.0,3-7,360
1704139200.0,3-8,340
1704140100.0,8-0,340
1704140100.0,8-1,520
1704140100.0,8-2,320
1704140100.0,8-3,560
1704140100.0,8-4,340
1704140100.0,8-5,800
1704140100.0,8-6,520
1704140100.0,11-0,340
1704140100.0,11-1,340
1704140100.0,11-2,320
1704140100.0,11-3,800
1704140100.0,11-4,560
1704140100.0,11-5,340
1704140100.0,11-6,560
1704140100.0,11-7,800
1704140100.0,11-8,320
1704140100.0,5-0,560
1704140100.0,5-1,320
1704140100.0,5-2,340
1704140100.0,5-3,320
1704140100.0,5-4,320
1704140100.0,5-5,520
1704140100.0,5-6,800
1704140100.0,5-7,760
1704140100.0,5-8,560
1704140100.0,5-9,800
1704140100.0,5-10,340
1704140100.0,13-0,520
1704140100.0,13-1,520
1704140100.0,13-2,320
1704140100.0,13-3,340
1704140100.0,13-4,340
1704140100.0,13-5,760
1704140100.0,13-6,560
1704140100.0,13-7,760
1704140100.0,13-8,320
1704140100.0,3-0,800
1704140100.0,3-1,320
1704140100.0,3-2,520
1704140100.0,3-3,1600
1704140100.0,3-4,520
1704140100.0,3-5,320
1704140100.0,3-6,520
1704140100.0,3-7,320
1704140100.0,3-8,320
1704141000.0,8-0,300
1704141000.0,8-1,520
1704141000.0,8-2,300
1704141000.0,8-3,520
1704141000.0,8-4,320
1704141000.0,8-5,760
1704141000.0,8-6,520
1704141000.0,11-0,300
1704141000.0,11-1,320
1704141000.0,11-2,320
1704141000.0,11-3,720
1704141000.0,11-4,520
1704141000.0,11-5,320
1704141000.0,11-6,520
1704141000.0,11-7,800
1704141000.0,11-8,340
1704141000.0,5-0,480
1704141000.0,5-1,300
1704141000.0,5-2,300
1704141000.0,5-3,340
1704141000.0,5-4,300
1704141000.0,5-5,520
1704141000.0,5-6,720
1704141000.0,5-7,760
1704141000.0,5-8,520
1704141000.0,5-9,760
1704141000.0,5-10,300
1704141000.0,13-0,520
1704141000.0,13-1,520
1704141000.0,13-2,320
1704141000.0,13-3,320
1704141000.0,13-4,320
1704141000.0,13-5,760
1704141000.0,13-6,520
1704141000.0,13-7,760
1704141000.0,13-8,320
1704141000.0,3-0,760
1704141000.0,3-1,300
1704141000.0,3-2,520
1704141000.0,3-3,1520
1704141000.0,3-4,560
1704141000.0,3-5,320
1704141000.0,3-6,520
1704141000.0,3-7,300
1704141000.0,3-8,320
1704141900.0,8-0,300
1704141900.0,8-1,480
1704141900.0,8-2,300
1704141900.0,8-3,520
1704141900.0,8-4,300
1704141900.0,8-5,760
1704141900.0,8-6,520
1704141900.0,11-0,300
1704141900.0,11-1,300
1704141900.0,11-2,320
1704141900.0,11-3,720
1704141900.0,11-4,480
1704141900.0,11-5,320
1704141900.0,11-6,520
1704141900.0,11-7,720
1704141900.0,11-8,320
1704141900.0,5-0,480
1704141900.0,5-1,300
1704141900.0,5-2,320
1704141900.0,5-3,300
1704141900.0,5-4,300
1704141900.0,5-5,480
1704141900.0,5-6,760
1704141900.0,5-7,760
1704141900.0,5-8,520
1704141900.0,5-9,720
1704141900.0,5-10,320
1704141900.0,13-0,480
1704141900.0,13-1,520
1704141900.0,13-2,320
1704141900.0,13-3,320
1704141900.0,13-4,300
1704141900.0,13-5,680
1704141900.0,13-6,520
1704141900.0,13-7,760
1704141900.0,13-8,300
1704141900.0,3-0,720
1704141900.0,3-1,300
1704141900.0,3-2,520
1704141900.0,3-3,1520
1704141900.0,3-4,480
1704141900.0,3-5,300
1704141900.0,3-6,520
1704141900.0,3-7,300
1704141900.0,3-8,320
1704142800.0,8-0,300
1704142800.0,8-1,480
1704142800.0,8-2,280
1704142800.0,8-3,520
1704142800.0,8-4,300
1704142800.0,8-5,720
1704142800.0,8-6,480
1704142800.0,11-0,280
1704142800.0,11-1,300
1704142800.0,11-2,300
1704142800.0,11-3,680
1704142800.0,11-4,480
1704142800.0,11-5,300
1704142800.0,11-6,520
1704142800.0,11-7,720
1704142800.0,11-8,300
1704142800.0,5-0,520
1704142800.0,5-1,280
1704142800.0,5-2,280
1704142800.0,5-3,300
1704142800.0,5-4,280
1704142800.0,5-5,480
1704142800.0,5-6,680
1704142800.0,5-7,720
1704142800.0,5-8,480
1704142800.0,5-9,680
1704142800.0,5-10,280
1704142800.0,13-0,520
1704142800.0,13-1,520
1704142800.0,13-2,300
1704142800.0,13-3,280
1704142800.0,13-4,300
1704142800.0,13-5,720
1704142800.0,13-6,480
1704142800.0,13-7,720
1704142800.0,13-8,300
1704142800.0,3-0,720
1704142800.0,3-1,280
1704142800.0,3-2,480
1704142800.0,3-3,1440
1704142800.0,3-4,480
1704142800.0,3-5,300
1704142800.0,3-6,480
1704142800.0,3-7,280
1704142800.0,3-8,300
1704143700.0,8-0,280
1704143700.0,8-1,440
1704143700.0,8-2,280
1704143700.0,8-3,480
1704143700.0,8-4,280
1704143700.0,8-5,720
1704143700.0,8-6,480
1704143700.0,11-0,280
1704143700.0,11-1,280
1704143700.0,11-2,280
1704143700.0,11-3,640
1704143700.0,11-4,440
1704143700.0,11-5,260
1704143700.0,11-6,440
1704143700.0,11-7,680
1704143700.0,11-8,280
1704143700.0,5-0,480
1704143700.0,5-1,280
1704143700.0,5-2,280
1704143700.0,5-3,280
1704143700.0,5-4,280
1704143700.0,5-5,480
1704143700.0,5-6,680
1704143700.0,5-7,640
1704143700.0,5-8,440
1704143700.0,5-9,640
1704143700.0,5-10,260
1704143700.0,13-0,480
1704143700.0,13-1,440
1704143700.0,13-2,300
1704143700.0,13-3,280
1704143700.0,13-4,280
1704143700.0,13-5,720
1704143700.0,13-6,440
1704143700.0,13-7,640
1704143700.0,13-8,280
1704143700.0,3-0,720
1704143700.0,3-1,300
1704143700.0,3-2,480
1704143700.0,3-3,1360
1704143700.0,3-4,480
1704143700.0,3-5,280
1704143700.0,3-6,440
1704143700.0,3-7,280
1704143700.0,3-8,260
1704144600.0,8-0,280
1704144600.0,8-1,440
1704144600.0,8-2,280
1704144600.0,8-3,440
1704144600.0,8-4,260
1704144600.0,8-5,640
1704144600.0,8-6,440
1704144600.0,11-0,260
1704144600.0,11-1,260
1704144600.0,11-2,260
1704144600.0,11-3,640
1704144600.0,11-4,440
1704144600.0,11-5,280
1704144600.0,11-6,440
1704144600.0,11-7,640
1704144600.0,11-8,280
1704144600.0,5-0,440
1704144600.0,5-1,260
1704144600.0,5-2,280
1704144600.0,5-3,260
1704144600.0,5-4,260
1704144600.0,5-5,440
1704144600.0,5-6,640
1704144600.0,5-7,640
1704144600.0,5-8,440
1704144600.0,5-9,640
1704144600.0,5-10,280
1704144600.0,13-0,440
1704144600.0,13-1,440
1704144600.0,13-2,260
1704144600.0,13-3,260
1704144600.0,13-4,280
1704144600.0,13-5,640
1704144600.0,13-6,440
1704144600.0,13-7,640
1704144600.0,13-8,260
1704144600.0,3-0,640
1704144600.0,3-1,260
1704144600.0,3-2,440
1704144600.0,3-3,1280
1704144600.0,3-4,440
1704144600.0,3-5,260
1704144600.0,3-6,440
1704144600.0,3-7,260
1704144600.0,3-8,280
1704145500.0,8-0,260
1704145500.0,8-1,400
1704145500.0,8-2,240
1704145500.0,8-3,440
1704145500.0,8-4,240
1704145500.0,8-5,560
1704145500.0,8-6,440
1704145500.0,11-0,260
1704145500.0,11-1,240
1704145500.0,11-2,260
1704145500.0,11-3,600
1704145500.0,11-4,440
1704145500.0,11-5,240
1704145500.0,11-6,400
1704145500.0,11-7,600
1704145500.0,11-8,240
1704145500.0,5-0,400
1704145500.0,5-1,240
1704145500.0,5-2,240
1704145500.0,5-3,260
1704145500.0,5-4,260
1704145500.0,5-5,400
1704145500.0,5-6,600
1704145500.0,5-7,600
1704145500.0,5-8,400
1704145500.0,5-9,560
1704145500.0,5-10,260
1704145500.0,13-0,400
1704145500.0,13-1,400
1704145500.0,13-2,240
1704145500.0,13-3,260
1704145500.0,13-4,240
1704145500.0,13-5,640
1704145500.0,13-6,400
1704145500.0,13-7,640
1704145500.0,13-8,240
1704145500.0,3-0,600
1704145500.0,3-1,240
1704145500.0,3-2,400
1704145500.0,3-3,1280
1704145500.0,3-4,400
1704145500.0,3-5,240
1704145500.0,3-6,400
1704145500.0,3-7,260
1704145500.0,3-8,260
1704146400.0,8-0,240
1704146400.0,8-1,380
1704146400.0,8-2,240
1704146400.0,8-3,380
1704146400.0,8-4,220
1704146400.0,8-5,600
1704146400.0,8-6,380
1704146400.0,11-0,240
1704146400.0,11-1,240
1704146400.0,11-2,240
1704146400.0,11-3,560
1704146400.0,11-4,380
1704146400.0,11-5,220
1704146400.0,11-6,400
1704146400.0,11-7,560
1704146400.0,11-8,220
1704146400.0,5-0,380
1704146400.0,5-1,240
1704146400.0,5-2,240
1704146400.0,5-3,220
1704146400.0,5-4,240
1704146400.0,5-5,380
1704146400.0,5-6,560
1704146400.0,5-7,560
1704146400.0,5-8,380
1704146400.0,5-9,560
1704146400.0,5-10,240
1704146400.0,13-0,400
1704146400.0,13-1,400
1704146400.0,13-2,240
1704146400.0,13-3,240
1704146400.0,13-4,240
1704146400.0,13-5,560
1704146400.0,13-6,380
1704146400.0,13-7,560
1704146400.0,13-8,220
1704146400.0,3-0,560
1704146400.0,3-1,240
1704146400.0,3-2,380
1704146400.0,3-3,1120
1704146400.0,3-4,400
1704146400.0,3-5,240
1704146400.0,3-6,380
1704146400.0,3-7,240
1704146400.0,3-8,220
1704147300.0,8-0,200
1704147300.0,8-1,360
1704147300.0,8-2,220
1704147300.0,8-3,340
1704147300.0,8-4,220
1704147300.0,8-5,520
1704147300.0,8-6,360
1704147300.0,11-0,220
1704147300.0,11-1,220
1704147300.0,11-2,220
1704147300.0,11-3,560
1704147300.0,11-4,340
1704147300.0,11-5,220
1704147300.0,11-6,360
1704147300.0,11-7,520
1704147300.0,11-8,200
1704147300.0,5-0,360
1704147300.0,5-1,220
1704147300.0,5-2,220
1704147300.0,5-3,200
1704147300.0,5-4,220
1704147300.0,5-5,360
1704147300.0,5-6,520
1704147300.0,5-7,520
1704147300.0,5-8,380
1704147300.0,5-9,520
1704147300.0,5-10,200
1704147300.0,13-0,360
1704147300.0,13-1,360
1704147300.0,13-2,220
1704147300.0,13-3,200
1704147300.0,13-4,220
1704147300.0,13-5,480
1704147300.0,13-6,340
1704147300.0,13-7,520
1704147300.0,13-8,200
1704147300.0,3-0,520
1704147300.0,3-1,220
1704147300.0,3-2,340
1704147300.0,3-3,1120
1704147300.0,3-4,360
1704147300.0,3-5,220
1704147300.0,3-6,360
1704147300.0,3-7,220
1704147300.0,3-8,220
1704148200.0,8-0,200
1704148200.0,8-1,340
1704148200.0,8-2,200
1704148200.0,8-3,320
1704148200.0,8-4,200
1704148200.0,8-5,480
1704148200.0,8-6,320
1704148200.0,11-0,190
1704148200.0,11-1,200
1704148200.0,11-2,200
1704148200.0,11-3,480
1704148200.0,11-4,340
1704148200.0,11-5,200
1704148200.0,11-6,340
1704148200.0,11-7,440
1704148200.0,11-8,200
1704148200.0,5-0,320
1704148200.0,5-1,200
1704148200.0,5-2,200
1704148200.0,5-3,200
1704148200.0,5-4,200
1704148200.0,5-5,320
1704148200.0,5-6,480
1704148200.0,5-7,480
1704148200.0,5-8,320
1704148200.0,5-9,480
1704148200.0,5-10,200
1704148200.0,13-0,340
1704148200.0,13-1,340
1704148200.0,13-2,200
1704148200.0,13-3,200
1704148200.0,13-4,200
1704148200.0,13-5,480
1704148200.0,13-6,320
1704148200.0,13-7,480
1704148200.0,13-8,190
1704148200.0,3-0,440
1704148200.0,3-1,200
1704148200.0,3-2,340
1704148200.0,3-3,1200
1704148200.0,3-4,320
1704148200.0,3-5,200
1704148200.0,3-6,340
1704148200.0,3-7,200
1704148200.0,3-8,190
1704149100.0,8-0,190
1704149100.0,8-1,300
1704149100.0,8-2,180
1704149100.0,8-3,300
1704149100.0,8-4,180
1704149100.0,8-5,440
1704149100.0,8-6,320
1704149100.0,11-0,180
1704149100.0,11-1,190
1704149100.0,11-2,190
1704149100.0,11-3,440
1704149100.0,11-4,300
1704149100.0,11-5,190
1704149100.0,11-6,300
1704149100.0,11-7,440
1704149100.0,11-8,180
1704149100.0,5-0,300
1704149100.0,5-1,190
1704149100.0,5-2,180
1704149100.0,5-3,190
1704149100.0,5-4,180
1704149100.0,5-5,300
1704149100.0,5-6,440
1704149100.0,5-7,400
1704149100.0,5-8,300
1704149100.0,5-9,440
1704149100.0,5-10,180
1704149100.0,13-0,300
1704149100.0,13-1,300
1704149100.0,13-2,180
1704149100.0,13-3,180
1704149100.0,13-4,190
1704149100.0,13-5,440
1704149100.0,13-6,280
1704149100.0,13-7,440
1704149100.0,13-8,190
1704149100.0,3-0,440
1704149100.0,3-1,190
1704149100.0,3-2,300
1704149100.0,3-3,1120
1704149100.0,3-4,320
1704149100.0,3-5,180
1704149100.0,3-6,300
1704149100.0,3-7,170
1704149100.0,3-8,180
